record_id,record_date,fiscal_year,fiscal_quarter,debt_held_public_usd,intragovernmental_holdings_usd,total_public_debt_usd,daily_change_usd,public_share_pct,component_difference_usd
DTP-20150102,2015-01-02,2015,2,13000209721920.03,5080402933324.23,18080612655244.26,,71.90,-0.00
DTP-20150105,2015-01-05,2015,2,12999336609259.79,5091979772342.83,18091316381602.62,10703726358.36,71.85,-0.00
DTP-20150106,2015-01-06,2015,2,12999569410502.08,5098245548608.05,18097814959110.13,6498577507.51,71.83,0.00
DTP-20150107,2015-01-07,2015,2,12999091201359.51,5099169359400.76,18098260560760.27,445601650.14,71.83,0.00
DTP-20150108,2015-01-08,2015,2,12981962678994.62,5102855241830.91,18084817920825.53,-13442639934.74,71.78,0.00
DTP-20150109,2015-01-09,2015,2,12981628166616.11,5104197907625.46,18085826074241.57,1008153416.04,71.78,0.00
DTP-20150112,2015-01-12,2015,2,12981011748689.49,5105935014396.30,18086946763085.79,1120688844.22,71.77,0.00
DTP-20150113,2015-01-13,2015,2,12980751749798.21,5111419040289.16,18092170790087.37,5224027001.58,71.75,0.00
DTP-20150114,2015-01-14,2015,2,12981666559709.40,5099812054036.54,18081478613745.94,-10692176341.43,71.80,0.00
DTP-20150115,2015-01-15,2015,2,12971949359465.79,5107659036053.90,18079608395519.69,-1870218226.25,71.75,-0.00
DTP-20150116,2015-01-16,2015,2,12971502433051.37,5109292049174.10,18080794482225.47,1186086705.78,71.74,0.00
DTP-20150120,2015-01-20,2015,2,12970475453865.57,5115572590633.82,18086048044499.39,5253562273.92,71.72,0.00
DTP-20150121,2015-01-21,2015,2,12971143199110.03,5112320907744.18,18083464106854.21,-2583937645.18,71.73,0.00
DTP-20150122,2015-01-22,2015,2,12970391793262.78,5117033651915.75,18087425445178.53,3961338324.32,71.71,0.00
DTP-20150123,2015-01-23,2015,2,12970193212137.56,5116142389917.56,18086335602055.12,-1089843123.41,71.71,0.00
DTP-20150126,2015-01-26,2015,2,12970484928522.46,5117242424181.26,18087727352703.72,1391750648.60,71.71,0.00
DTP-20150127,2015-01-27,2015,2,12970533962395.64,5124586126475.28,18095120088870.92,7392736167.20,71.68,0.00
DTP-20150128,2015-01-28,2015,2,12970172927408.44,5112418150651.83,18082591078060.27,-12529010810.65,71.73,0.00
DTP-20150129,2015-01-29,2015,2,12970704211784.51,5114359625997.31,18085063837781.82,2472759721.55,71.72,0.00
DTP-20150130,2015-01-30,2015,2,12984930426312.84,5097363731197.36,18082294157510.20,-2769680271.62,71.81,0.00
DTP-20150202,2015-02-02,2015,2,13009390741738.74,5089651495515.15,18099042237253.89,16748079743.69,71.88,0.00
DTP-20150203,2015-02-03,2015,2,13009360166059.35,5089142063840.41,18098502229899.76,-540007354.13,71.88,-0.00
DTP-20150204,2015-02-04,2015,2,13010253116961.72,5089727160462.60,18099980277424.32,1478047524.56,71.88,0.00
DTP-20150205,2015-02-05,2015,2,13030729516506.65,5095147180924.34,18125876697430.99,25896420006.67,71.89,0.00
DTP-20150206,2015-02-06,2015,2,13030502916525.58,5094460056204.32,18124962972729.90,-913724701.09,71.89,0.00
DTP-20150209,2015-02-09,2015,2,13030240698387.68,5098270644293.46,18128511342681.14,3548369951.24,71.88,0.00
DTP-20150210,2015-02-10,2015,2,13030084686437.05,5102284183501.93,18132368869938.98,3857527257.84,71.86,0.00
DTP-20150211,2015-02-11,2015,2,13030765585361.52,5090085492674.00,18120851078035.52,-11517791903.46,71.91,0.00
DTP-20150212,2015-02-12,2015,2,13044634775705.21,5092271492374.30,18136906268079.51,16055190043.99,71.92,0.00
DTP-20150213,2015-02-13,2015,2,13044579279877.51,5092268467544.31,18136847747421.82,-58520657.69,71.92,0.00
DTP-20150217,2015-02-17,2015,2,13024634800903.09,5097808287731.13,18122443088634.22,-14404658787.60,71.87,0.00
DTP-20150218,2015-02-18,2015,2,13025593746420.95,5097287809150.03,18122881555570.98,438466936.76,71.87,0.00
DTP-20150219,2015-02-19,2015,2,13038548288145.09,5099910953762.50,18138459241907.59,15577686336.61,71.88,0.00
DTP-20150220,2015-02-20,2015,2,13038401615591.31,5102123587712.29,18140525203303.60,2065961396.01,71.87,0.00
DTP-20150223,2015-02-23,2015,2,13037661212728.82,5103747870483.54,18141409083212.36,883879908.76,71.87,0.00
DTP-20150224,2015-02-24,2015,2,13038072925171.88,5110032081051.20,18148105006223.08,6695923010.72,71.84,0.00
DTP-20150225,2015-02-25,2015,2,13038635290490.76,5094721067653.73,18133356358144.49,-14748648078.59,71.90,0.00
DTP-20150226,2015-02-26,2015,2,13052462540018.66,5097290276940.94,18149752816959.60,16396458815.11,71.92,0.00
DTP-20150227,2015-02-27,2015,2,13074036284486.10,5081817556297.57,18155853840783.67,6101023824.07,72.01,0.00
DTP-20150302,2015-03-02,2015,2,13082175825545.41,5071361991819.36,18153537817364.77,-2316023418.90,72.06,0.00
DTP-20150303,2015-03-03,2015,2,13083156868369.24,5066797663395.83,18149954531765.07,-3583285599.70,72.08,0.00
DTP-20150304,2015-03-04,2015,2,13083702031373.27,5065959927821.42,18149661959194.69,-292572570.38,72.09,-0.00
DTP-20150305,2015-03-05,2015,2,13078024754064.12,5069231729790.48,18147256483854.60,-2405475340.09,72.07,0.00
DTP-20150306,2015-03-06,2015,2,13077605694201.62,5069392075087.61,18146997769289.23,-258714565.37,72.06,0.00
DTP-20150309,2015-03-09,2015,2,13076997087491.91,5073080721258.43,18150077808750.34,3080039461.11,72.05,0.00
DTP-20150310,2015-03-10,2015,2,13077001810715.26,5078724990341.20,18155726801056.46,5648992306.12,72.03,0.00
DTP-20150311,2015-03-11,2015,2,13077260915498.60,5071708018913.50,18148968934412.10,-6757866644.36,72.06,0.00
DTP-20150312,2015-03-12,2015,2,13084088914698.28,5069727389878.00,18153816304576.28,4847370164.18,72.07,0.00
DTP-20150313,2015-03-13,2015,2,13083879612334.70,5068577726773.27,18152457339107.97,-1358965468.31,72.08,0.00
DTP-20150316,2015-03-16,2015,2,13105395080630.25,5047033040038.30,18152428120668.55,-29218439.42,72.20,0.00
DTP-20150317,2015-03-17,2015,2,13094763118421.11,5057655259910.33,18152418378331.44,-9742337.11,72.14,-0.00
DTP-20150318,2015-03-18,2015,2,13094247521169.80,5058161113885.71,18152408635055.51,-9743275.93,72.14,0.00
DTP-20150319,2015-03-19,2015,2,13091716944130.57,5060705119914.89,18152422064045.46,13428989.95,72.12,0.00
DTP-20150320,2015-03-20,2015,2,13092726568180.16,5059685624134.77,18152412192314.93,-9871730.53,72.13,0.00
DTP-20150323,2015-03-23,2015,2,13090617194678.79,5061765374906.53,18152382569585.32,-29622729.61,72.12,0.00
DTP-20150324,2015-03-24,2015,2,13084628174408.95,5067744518492.10,18152372692901.05,-9876684.27,72.08,-0.00
DTP-20150325,2015-03-25,2015,2,13098220411972.32,5054142403005.10,18152362814977.42,-9877923.63,72.16,0.00
DTP-20150326,2015-03-26,2015,2,13097651409122.03,5054716102235.58,18152367511357.61,4696380.19,72.15,0.00
DTP-20150327,2015-03-27,2015,2,13100142539623.12,5052215064666.22,18152357604289.34,-9907068.27,72.17,0.00
DTP-20150330,2015-03-30,2015,2,13099230739114.56,5053097136270.37,18152327875384.93,-29728904.41,72.16,0.00
DTP-20150331,2015-03-31,2015,2,13090399293659.46,5061656903829.81,18152056197489.27,-271677895.66,72.12,0.00
DTP-20150401,2015-04-01,2015,3,13104928983917.84,5047117300462.93,18152046284380.77,-9913108.50,72.20,0.00
DTP-20150402,2015-04-02,2015,3,13096591645300.69,5055530495131.52,18152122140432.21,75856051.44,72.15,0.00
DTP-20150403,2015-04-03,2015,3,13113626313940.49,5038485705754.62,18152112019695.11,-10120737.10,72.24,0.00
DTP-20150406,2015-04-06,2015,3,13108197438919.98,5043884210130.23,18152081649050.21,-30370644.90,72.21,0.00
DTP-20150407,2015-04-07,2015,3,13102684021908.58,5049387501466.25,18152071523374.83,-10125675.38,72.18,0.00
DTP-20150408,2015-04-08,2015,3,13111934743188.62,5040126653268.36,18152061396456.98,-10126917.85,72.23,0.00
DTP-20150409,2015-04-09,2015,3,13101773120249.05,5050291237958.53,18152064358207.58,2961750.60,72.18,0.00
DTP-20150410,2015-04-10,2015,3,13102873615336.91,5049180587617.61,18152054202954.52,-10155253.06,72.18,0.00
DTP-20150413,2015-04-13,2015,3,13099675824474.39,5052347905192.18,18152023729666.57,-30473287.95,72.17,0.00
DTP-20150414,2015-04-14,2015,3,13092019642745.28,5059993926694.23,18152013569439.51,-10160227.06,72.12,-0.00
DTP-20150415,2015-04-15,2015,3,13086497608550.03,5065505857731.40,18152003466281.43,-10103158.08,72.09,0.00
DTP-20150416,2015-04-16,2015,3,13077338458482.18,5074669372251.89,18152007830734.07,4364452.64,72.04,0.00
DTP-20150417,2015-04-17,2015,3,13074275612443.50,5077722066952.55,18151997679396.05,-10151338.02,72.03,0.00
DTP-20150420,2015-04-20,2015,3,13067157477459.81,5084809740428.03,18151967217887.84,-30461508.21,71.99,0.00
DTP-20150421,2015-04-21,2015,3,13059556805772.78,5092400255812.79,18151957061585.57,-10156302.27,71.95,0.00
DTP-20150422,2015-04-22,2015,3,13066632697202.30,5085314206839.36,18151946904041.66,-10157543.91,71.98,0.00
DTP-20150423,2015-04-23,2015,3,13059323003493.55,5092626528344.22,18151949531837.77,2627796.11,71.94,0.00
DTP-20150424,2015-04-24,2015,3,13058105909555.30,5093833453601.86,18151939363157.16,-10168680.61,71.94,0.00
DTP-20150427,2015-04-27,2015,3,13054114931939.44,5097793917747.71,18151908849687.15,-30513470.01,71.92,0.00
DTP-20150428,2015-04-28,2015,3,13048552679943.30,5103345996125.93,18151898676069.23,-10173617.92,71.89,0.00
DTP-20150429,2015-04-29,2015,3,13051327764093.97,5100560737113.86,18151888501207.83,-10174861.40,71.90,0.00
DTP-20150430,2015-04-30,2015,3,13053681247951.16,5098878878836.55,18152560126787.71,671625579.88,71.91,0.00
DTP-20150501,2015-05-01,2015,3,13089046291055.14,5063503599215.85,18152549890270.99,-10236516.72,72.11,0.00
DTP-20150504,2015-05-04,2015,3,13074525883750.21,5077993289348.31,18152519173098.52,-30717172.47,72.03,0.00
DTP-20150505,2015-05-05,2015,3,13065201071307.37,5087307860298.07,18152508931605.44,-10241493.08,71.97,-0.00
DTP-20150506,2015-05-06,2015,3,13062170168419.76,5090328520447.72,18152498688867.48,-10242737.96,71.96,0.00
DTP-20150507,2015-05-07,2015,3,13057150061992.93,5095347786554.78,18152497848547.71,-840319.77,71.93,0.00
DTP-20150508,2015-05-08,2015,3,13053822296429.17,5098665323477.82,18152487619906.99,-10228640.72,71.91,0.00
DTP-20150511,2015-05-11,2015,3,13050345826235.33,5102111100420.80,18152456926656.13,-30693250.86,71.89,0.00
DTP-20150512,2015-05-12,2015,3,13044246622984.40,5108200070117.88,18152446693102.28,-10233553.85,71.86,0.00
DTP-20150513,2015-05-13,2015,3,13056626203779.80,5095810254521.82,18152436458301.62,-10234800.66,71.93,0.00
DTP-20150514,2015-05-14,2015,3,13053904468377.74,5098533591729.50,18152438060107.24,1601805.62,71.91,0.00
DTP-20150515,2015-05-15,2015,3,13053015786106.84,5099412143995.43,18152427930102.27,-10130004.97,71.91,0.00
DTP-20150518,2015-05-18,2015,3,13049631800802.71,5102765731893.52,18152397532696.23,-30397406.04,71.89,0.00
DTP-20150519,2015-05-19,2015,3,13039918475898.20,5112468921885.88,18152387397784.08,-10134912.15,71.84,0.00
DTP-20150520,2015-05-20,2015,3,13051237240105.37,5101140021539.26,18152377261644.63,-10136139.45,71.90,0.00
DTP-20150521,2015-05-21,2015,3,13049374221359.70,5103003958849.51,18152378180209.21,918564.58,71.89,0.00
DTP-20150522,2015-05-22,2015,3,13050072311592.30,5102295725697.90,18152368037290.20,-10142919.01,71.89,0.00
DTP-20150526,2015-05-26,2015,3,13046317217130.13,5106010236138.71,18152327453268.84,-40584021.36,71.87,0.00
DTP-20150527,2015-05-27,2015,3,13052474807984.08,5099842496224.06,18152317304208.14,-10149060.70,71.91,0.00
DTP-20150528,2015-05-28,2015,3,13054660216223.92,5097723028501.34,18152383244725.26,65940517.12,71.92,-0.00
DTP-20150529,2015-05-29,2015,3,13052706400435.71,5100145277714.56,18152851678150.27,468433425.01,71.90,0.00
DTP-20150601,2015-06-01,2015,3,13073584911431.81,5079256489827.39,18152841401259.20,-10276891.07,72.02,0.00
DTP-20150602,2015-06-02,2015,3,13065960233573.26,5086870889847.25,18152831123420.51,-10277838.69,71.98,-0.00
DTP-20150603,2015-06-03,2015,3,13082576979779.36,5070244364673.59,18152821344452.95,-9778967.56,72.07,0.00
DTP-20150604,2015-06-04,2015,3,13078728371165.51,5074091887840.01,18152820259005.52,-1085447.43,72.05,0.00
DTP-20150605,2015-06-05,2015,3,13080153579943.09,5072656362646.04,18152809942589.13,-10316416.39,72.06,0.00
DTP-20150608,2015-06-08,2015,3,13074878498154.85,5077900487804.59,18152778985959.44,-30956629.69,72.03,-0.00
DTP-20150609,2015-06-09,2015,3,13068813694428.96,5083954970190.61,18152768664619.57,-10321339.87,71.99,0.00
DTP-20150610,2015-06-10,2015,3,13085347675829.57,5067410666217.67,18152758342047.24,-10322572.33,72.08,0.00
DTP-20150611,2015-06-11,2015,3,13082372210333.78,5070386560810.84,18152758771144.62,429097.38,72.07,-0.00
DTP-20150612,2015-06-12,2015,3,13081822659047.83,5070925805781.27,18152748464829.10,-10306315.52,72.07,0.00
DTP-20150615,2015-06-15,2015,3,13075184730750.02,5077532806552.11,18152717537302.13,-30927526.97,72.03,0.00
DTP-20150616,2015-06-16,2015,3,13067386378869.63,5085320810990.20,18152707189859.83,-10347442.30,71.99,0.00
DTP-20150617,2015-06-17,2015,3,13073549270080.04,5079147648980.36,18152696919060.40,-10270799.43,72.02,0.00
DTP-20150618,2015-06-18,2015,3,13071246580389.14,5081452807069.63,18152699387458.77,2468398.37,72.01,0.00
DTP-20150619,2015-06-19,2015,3,13072139149495.41,5080550018410.20,18152689167905.61,-10219553.16,72.01,0.00
DTP-20150622,2015-06-22,2015,3,13068330291043.10,5084328210794.20,18152658501837.30,-30666068.31,71.99,0.00
DTP-20150623,2015-06-23,2015,3,13059539444741.46,5093108832602.60,18152648277344.06,-10224493.24,71.94,0.00
DTP-20150624,2015-06-24,2015,3,13071202015971.20,5081436035644.13,18152638051615.33,-10225728.73,72.01,0.00
DTP-20150625,2015-06-25,2015,3,13071940516188.51,5080770927103.03,18152711443291.54,73391676.21,72.01,0.00
DTP-20150626,2015-06-26,2015,3,13070831248598.68,5081869910628.11,18152701159226.79,-10284064.75,72.00,0.00
DTP-20150629,2015-06-29,2015,3,13070835567569.10,5081834726074.94,18152670293644.04,-30865582.75,72.01,0.00
DTP-20150630,2015-06-30,2015,3,13076414145360.92,5075583365511.52,18151997510872.44,-672782771.60,72.04,-0.00
DTP-20150701,2015-07-01,2015,4,13093667026168.65,5058320194471.80,18151987220640.45,-10290231.99,72.13,0.00
DTP-20150702,2015-07-02,2015,4,13105898581879.78,5046092954139.39,18151991536019.17,4315378.72,72.20,-0.00
DTP-20150703,2015-07-03,2015,4,13103184582267.10,5048796680070.33,18151981262337.43,-10273681.74,72.19,0.00
DTP-20150706,2015-07-06,2015,4,13100955100946.92,5050995332913.84,18151950433860.76,-30828476.67,72.17,-0.00
DTP-20150707,2015-07-07,2015,4,13093649507594.19,5058290647631.85,18151940155226.04,-10278634.72,72.13,0.00
DTP-20150708,2015-07-08,2015,4,13106285116932.19,5045644758420.20,18151929875352.39,-10279873.65,72.20,0.00
DTP-20150709,2015-07-09,2015,4,13102609587775.30,5049321696720.05,18151931284495.35,1409142.96,72.18,0.00
DTP-20150710,2015-07-10,2015,4,13103633276571.42,5048287733766.09,18151921010337.51,-10274157.84,72.19,-0.00
DTP-20150713,2015-07-13,2015,4,13101244630602.75,5050645549788.87,18151890180391.62,-30829945.89,72.18,0.00
DTP-20150714,2015-07-14,2015,4,13096917225302.25,5054962675971.95,18151879901274.20,-10279117.42,72.15,0.00
DTP-20150715,2015-07-15,2015,4,13106538137492.73,5045331537257.80,18151869674750.53,-10226523.67,72.20,0.00
DTP-20150716,2015-07-16,2015,4,13099068443428.11,5052804630714.88,18151873074142.99,3399392.46,72.16,0.00
DTP-20150717,2015-07-17,2015,4,13097201084427.49,5054661707747.53,18151862792175.02,-10281967.97,72.15,0.00
DTP-20150720,2015-07-20,2015,4,13094422094681.41,5057409844207.63,18151831938889.04,-30853285.98,72.14,0.00
DTP-20150721,2015-07-21,2015,4,13088911494580.77,5062910157424.02,18151821652004.79,-10286884.25,72.11,0.00
DTP-20150722,2015-07-22,2015,4,13101056937267.15,5050754426623.64,18151811363890.79,-10288114.00,72.17,0.00
DTP-20150723,2015-07-23,2015,4,13099775103936.93,5052128676403.42,18151903780340.35,92416449.56,72.17,0.00
DTP-20150724,2015-07-24,2015,4,13099949355959.15,5051943898806.04,18151893254765.19,-10525575.16,72.17,0.00
DTP-20150727,2015-07-27,2015,4,13097955837031.68,5053905832473.40,18151861669505.08,-31585260.11,72.16,0.00
DTP-20150728,2015-07-28,2015,4,13093853244381.79,5057997894630.72,18151851139012.51,-10530492.57,72.14,-0.00
DTP-20150729,2015-07-29,2015,4,13094609838371.00,5057230768917.77,18151840607288.77,-10531723.74,72.14,0.00
DTP-20150730,2015-07-30,2015,4,13115033380950.88,5036818875686.43,18151852256637.31,11649348.54,72.25,0.00
DTP-20150731,2015-07-31,2015,4,13135044925569.77,5016277623587.14,18151322549156.91,-529707480.40,72.36,0.00
DTP-20150803,2015-08-03,2015,4,13154209400019.46,4997081209936.77,18151290609956.23,-31939200.68,72.47,0.00
DTP-20150804,2015-08-04,2015,4,13139874835202.68,5011405125917.02,18151279961119.70,-10648836.53,72.39,0.00
DTP-20150805,2015-08-05,2015,4,13139218828457.06,5012050482593.36,18151269311050.42,-10650069.28,72.39,0.00
DTP-20150806,2015-08-06,2015,4,13133310082594.54,5017974702390.02,18151284784984.56,15473934.14,72.35,0.00
DTP-20150807,2015-08-07,2015,4,13133917545021.19,5017356445493.61,18151273990514.80,-10794469.76,72.36,0.00
DTP-20150810,2015-08-10,2015,4,13120923476208.14,5030318123294.56,18151241599502.70,-32391012.10,72.29,0.00
DTP-20150811,2015-08-11,2015,4,13116188517613.19,5035042282485.51,18151230800098.70,-10799404.00,72.26,0.00
DTP-20150812,2015-08-12,2015,4,13127953438656.44,5023267550304.98,18151220988961.42,-9811137.28,72.33,0.00
DTP-20150813,2015-08-13,2015,4,13126117137797.41,5025131861875.44,18151248999672.85,28010711.43,72.32,0.00
DTP-20150814,2015-08-14,2015,4,13127739184967.56,5023498757033.26,18151237942000.82,-11057672.03,72.32,0.00
DTP-20150817,2015-08-17,2015,4,13121719838466.16,5029485019662.42,18151204858128.58,-33083872.24,72.29,0.00
DTP-20150818,2015-08-18,2015,4,13111296158206.28,5039897669525.24,18151193827731.52,-11030397.06,72.23,0.00
DTP-20150819,2015-08-19,2015,4,13123745242326.97,5027437553780.68,18151182796107.65,-11031623.87,72.30,0.00
DTP-20150820,2015-08-20,2015,4,13121300877988.90,5029999339517.89,18151300217506.79,117421399.14,72.29,0.00
DTP-20150821,2015-08-21,2015,4,13121106396171.02,5030182411097.15,18151288807268.17,-11410238.62,72.29,0.00
DTP-20150824,2015-08-24,2015,4,13120265804888.47,5030988814128.30,18151254619016.77,-34188251.40,72.28,0.00
DTP-20150825,2015-08-25,2015,4,13113153427126.34,5038089793359.09,18151243220485.43,-11398531.34,72.24,0.00
DTP-20150826,2015-08-26,2015,4,13125515111652.35,5025716709073.35,18151231820725.70,-11399759.73,72.31,0.00
DTP-20150827,2015-08-27,2015,4,13123916829780.28,5027332322958.48,18151249152738.76,17332013.06,72.30,-0.00
DTP-20150828,2015-08-28,2015,4,13128201306874.34,5023036339444.01,18151237646318.35,-11506420.41,72.33,0.00
DTP-20150831,2015-08-31,2015,4,13119752728787.69,5031397450800.36,18151150179588.05,-87466730.30,72.28,0.00
DTP-20150901,2015-09-01,2015,4,13142936626767.41,5008202822861.60,18151139449629.01,-10729959.04,72.41,-0.00
DTP-20150902,2015-09-02,2015,4,13142894367690.52,5008233569402.50,18151127937093.02,-11512535.99,72.41,0.00
DTP-20150903,2015-09-03,2015,4,13151760226057.49,4999394729240.37,18151154955297.86,27018204.84,72.46,0.00
DTP-20150904,2015-09-04,2015,4,13151650022710.08,4999493290589.45,18151143313299.53,-11641998.33,72.46,0.00
DTP-20150908,2015-09-08,2015,4,13147386947141.12,5003709784622.07,18151096731763.19,-46581536.34,72.43,-0.00
DTP-20150909,2015-09-09,2015,4,13156227791522.28,4994857292100.78,18151085083623.06,-11648140.13,72.48,0.00
DTP-20150910,2015-09-10,2015,4,13156747896787.23,4994360625997.06,18151108522784.29,23439161.23,72.48,0.00
DTP-20150911,2015-09-11,2015,4,13156926922920.93,4994169854973.99,18151096777894.92,-11744889.37,72.49,0.00
DTP-20150914,2015-09-14,2015,4,13154778791419.46,4996282744335.04,18151061535754.50,-35242140.42,72.47,0.00
DTP-20150915,2015-09-15,2015,4,13145076989528.87,5005972796406.15,18151049785935.02,-11749819.48,72.42,0.00
DTP-20150916,2015-09-16,2015,4,13153191937997.75,4997846148974.35,18151038086972.10,-11698962.92,72.47,0.00
DTP-20150917,2015-09-17,2015,4,13145637357001.96,5005506992683.42,18151144349685.38,106262713.28,72.42,0.00
DTP-20150918,2015-09-18,2015,4,13146512352217.29,5004620115750.23,18151132467967.52,-11881717.86,72.43,0.00
DTP-20150921,2015-09-21,2015,4,13143438634417.47,5007658180461.62,18151096814879.09,-35653088.43,72.41,0.00
DTP-20150922,2015-09-22,2015,4,13136259739613.25,5014825188614.34,18151084928227.59,-11886651.50,72.37,0.00
DTP-20150923,2015-09-23,2015,4,13144928446669.82,5006144593671.49,18151073040341.31,-11887886.28,72.42,0.00
DTP-20150924,2015-09-24,2015,4,13140301918135.70,5010771113195.80,18151073031331.50,-9009.81,72.39,0.00
DTP-20150925,2015-09-25,2015,4,13142591572511.28,5008469628401.98,18151061200913.26,-11830418.24,72.41,-0.00
DTP-20150928,2015-09-28,2015,4,13142733278888.42,5008292423530.57,18151025702418.99,-35498494.27,72.41,0.00
DTP-20150929,2015-09-29,2015,4,13138658741846.86,5012355125269.47,18151013867116.33,-11835302.66,72.39,0.00
DTP-20150930,2015-09-30,2015,4,13123847198347.81,5026770468136.52,18150617666484.33,-396200632.00,72.31,0.00
DTP-20151001,2015-10-01,2016,1,13059264833999.48,5091351232343.05,18150616066342.53,-1600141.80,71.95,0.00
DTP-20151002,2015-10-02,2016,1,13061410753542.45,5089193524208.18,18150604277750.63,-11788591.90,71.96,0.00
DTP-20151005,2015-10-05,2016,1,13059966819672.47,5090602084864.56,18150568904537.03,-35373213.60,71.95,0.00
DTP-20151006,2015-10-06,2016,1,13059818124107.95,5090738986887.05,18150557110995.00,-11793542.03,71.95,0.00
DTP-20151007,2015-10-07,2016,1,13059972998831.49,5090572317383.55,18150545316215.04,-11794779.96,71.95,0.00
DTP-20151008,2015-10-08,2016,1,13046699068111.43,5103841353016.10,18150540421127.53,-4895087.51,71.88,0.00
DTP-20151009,2015-10-09,2016,1,13046779512150.54,5103749151302.45,18150528663452.99,-11757674.54,71.88,0.00
DTP-20151013,2015-10-13,2016,1,13046512400965.87,5103969219397.52,18150481620363.39,-47043089.60,71.88,0.00
DTP-20151014,2015-10-14,2016,1,13046422729078.47,5104047127413.95,18150469856492.42,-11763870.97,71.88,0.00
DTP-20151015,2015-10-15,2016,1,13043845333621.67,5108871494700.34,18152716828322.01,2246971829.59,71.86,-0.00
DTP-20151016,2015-10-16,2016,1,13040435842277.73,5112269267756.58,18152705110034.31,-11718287.70,71.84,0.00
DTP-20151019,2015-10-19,2016,1,13034959796581.34,5117710150853.35,18152669947434.69,-35162599.62,71.81,-0.00
DTP-20151020,2015-10-20,2016,1,13033810616384.20,5118847607800.42,18152658224184.62,-11723250.07,71.80,-0.00
DTP-20151021,2015-10-21,2016,1,13042775790010.03,5109870709683.19,18152646499693.22,-11724491.40,71.85,0.00
DTP-20151022,2015-10-22,2016,1,13034691804236.86,5117958883992.24,18152650688229.10,4188535.88,71.81,0.00
DTP-20151023,2015-10-23,2016,1,13035394315866.20,5117244618428.18,18152638934294.38,-11753934.72,71.81,0.00
DTP-20151026,2015-10-26,2016,1,13034076380906.65,5118527283984.78,18152603664891.43,-35269402.95,71.80,0.00
DTP-20151027,2015-10-27,2016,1,13027842933558.68,5124748972431.16,18152591905989.84,-11758901.59,71.77,0.00
DTP-20151028,2015-10-28,2016,1,13042008093200.37,5110572052644.86,18152580145845.23,-11760144.61,71.85,0.00
DTP-20151029,2015-10-29,2016,1,13040947458750.57,5111642653635.12,18152590112385.69,9966540.46,71.84,0.00
DTP-20151030,2015-10-30,2016,1,13060656874967.53,5092324810779.99,18152981685747.52,391573361.83,71.95,0.00
DTP-20151102,2015-11-02,2016,1,13259598054673.03,5232493066160.96,18492091120833.99,339109435086.47,71.70,0.00
DTP-20151103,2015-11-03,2016,1,13304633454176.57,5227704637534.91,18532338091711.48,40246970877.49,71.79,0.00
DTP-20151104,2015-11-04,2016,1,13304149781522.19,5228704601299.55,18532854382821.74,516291110.26,71.79,0.00
DTP-20151105,2015-11-05,2016,1,13378296644134.99,5231503426193.74,18609800070328.73,76945687506.99,71.89,0.00
DTP-20151106,2015-11-06,2016,1,13378216906933.97,5231637478501.25,18609854385435.22,54315106.49,71.89,0.00
DTP-20151109,2015-11-09,2016,1,13377810384459.45,5236958832253.39,18614769216712.84,4914831277.62,71.87,0.00
DTP-20151110,2015-11-10,2016,1,13378011403562.54,5227381025379.64,18605392428942.18,-9376787770.66,71.90,0.00
DTP-20151112,2015-11-12,2016,1,13422684032364.47,5226340763474.31,18649024795838.78,43632366896.60,71.98,0.00
DTP-20151113,2015-11-13,2016,1,13422581915969.67,5230925444603.77,18653507360573.44,4482564734.66,71.96,-0.00
DTP-20151116,2015-11-16,2016,1,13425314364061.11,5235175789217.14,18660490153278.25,6982792704.81,71.95,0.00
DTP-20151117,2015-11-17,2016,1,13425228384871.25,5244785636642.50,18670014021513.75,9523868235.50,71.91,0.00
DTP-20151118,2015-11-18,2016,1,13425424978902.16,5232907291279.17,18658332270181.33,-11681751332.42,71.95,0.00
DTP-20151119,2015-11-19,2016,1,13486033195851.99,5232175397988.78,18718208593840.77,59876323659.44,72.05,0.00
DTP-20151120,2015-11-20,2016,1,13487491924393.72,5233308167077.60,18720800091471.32,2591497630.55,72.05,0.00
DTP-20151123,2015-11-23,2016,1,13487562419580.15,5235184163537.88,18722746583118.03,1946491646.71,72.04,0.00
DTP-20151124,2015-11-24,2016,1,13488216384736.74,5242028842477.55,18730245227214.29,7498644096.26,72.01,0.00
DTP-20151125,2015-11-25,2016,1,13488002707948.97,5231610566944.54,18719613274893.51,-10631952320.78,72.05,0.00
DTP-20151127,2015-11-27,2016,1,13551155021821.40,5231296245984.64,18782451267806.04,62837992912.53,72.15,0.00
DTP-20151130,2015-11-30,2016,1,13588988502149.66,5238334464759.14,18827322966908.80,44871699102.76,72.18,0.00
DTP-20151201,2015-12-01,2016,1,13586014412847.41,5211825110494.86,18797839523342.27,-29483443566.53,72.27,0.00
DTP-20151202,2015-12-02,2016,1,13586471303909.62,5216267852521.35,18802739156430.97,4899633088.70,72.26,0.00
DTP-20151203,2015-12-03,2016,1,13587977599025.48,5200014847921.40,18787992446946.88,-14746709484.09,72.32,0.00
DTP-20151204,2015-12-04,2016,1,13587797506751.03,5199033038931.57,18786830545682.60,-1161901264.28,72.33,0.00
DTP-20151207,2015-12-07,2016,1,13586975169238.57,5202224427328.36,18789199596566.93,2369050884.33,72.31,0.00
DTP-20151208,2015-12-08,2016,1,13587661849538.93,5201402517265.25,18789064366804.18,-135229762.75,72.32,0.00
DTP-20151209,2015-12-09,2016,1,13587275912419.47,5187809069020.39,18775084981439.86,-13979385364.32,72.37,0.00
DTP-20151210,2015-12-10,2016,1,13576378743374.78,5185690315204.10,18762069058578.88,-13015922860.98,72.36,0.00
DTP-20151211,2015-12-11,2016,1,13576192961286.02,5188729023595.42,18764921984881.44,2852926302.56,72.35,-0.00
DTP-20151214,2015-12-14,2016,1,13576054852654.28,5191581337755.66,18767636190409.94,2714205528.50,72.34,-0.00
DTP-20151215,2015-12-15,2016,1,13600642541480.78,5197569139147.34,18798211680628.12,30575490218.18,72.35,-0.00
DTP-20151216,2015-12-16,2016,1,13600726418253.26,5187411803093.23,18788138221346.49,-10073459281.63,72.39,0.00
DTP-20151217,2015-12-17,2016,1,13602386767303.28,5193892910987.00,18796279678290.28,8141456943.79,72.37,0.00
DTP-20151218,2015-12-18,2016,1,13602300646235.06,5192733282040.53,18795033928275.59,-1245750014.69,72.37,0.00
DTP-20151221,2015-12-21,2016,1,13602156263369.48,5196045248082.56,18798201511452.04,3167583176.45,72.36,0.00
DTP-20151222,2015-12-22,2016,1,13602990562150.21,5204371630308.45,18807362192458.66,9160681006.62,72.33,0.00
DTP-20151223,2015-12-23,2016,1,13603158968085.03,5192106478201.55,18795265446286.58,-12096746172.08,72.38,0.00
DTP-20151224,2015-12-24,2016,1,13608106425390.39,5194774066145.61,18802880491536.00,7615045249.42,72.37,0.00
DTP-20151228,2015-12-28,2016,1,13621291360268.39,5197399905839.72,18818691266108.11,15810774572.11,72.38,0.00
DTP-20151229,2015-12-29,2016,1,13621994782159.41,5202112051802.47,18824106833961.88,5415567853.77,72.36,0.00
DTP-20151230,2015-12-30,2016,1,13622733037489.74,5202328627046.20,18825061664535.94,954830574.06,72.36,0.00
DTP-20151231,2015-12-31,2016,1,13672522257291.59,5249656752129.30,18922179009420.89,97117344884.95,72.26,0.00
DTP-20160104,2016-01-04,2016,2,13669500801836.00,5231431888181.04,18900932690017.04,-21246319403.85,72.32,0.00
DTP-20160105,2016-01-05,2016,2,13670583998983.56,5247861651601.14,18918445650584.70,17512960567.66,72.26,0.00
DTP-20160106,2016-01-06,2016,2,13670031542154.47,5248348675418.70,18918380217573.17,-65433011.53,72.26,0.00
DTP-20160107,2016-01-07,2016,2,13634966776002.99,5252909985102.14,18887876761105.13,-30503456468.04,72.19,0.00
DTP-20160108,2016-01-08,2016,2,13635120704335.12,5253519296094.57,18888640000429.69,763239324.56,72.19,-0.00
DTP-20160111,2016-01-11,2016,2,13634547255405.73,5257322346719.43,18891869602125.16,3229601695.47,72.17,0.00
DTP-20160112,2016-01-12,2016,2,13634464144154.11,5263218081433.78,18897682225587.89,5812623462.73,72.15,0.00
DTP-20160113,2016-01-13,2016,2,13634512503358.73,5321266111682.46,18955778615041.19,58096389453.30,71.93,0.00
DTP-20160114,2016-01-14,2016,2,13599643378868.76,5323915113994.19,18923558492862.95,-32220122178.24,71.87,0.00
DTP-20160115,2016-01-15,2016,2,13604857512453.96,5329732254781.00,18934589767234.96,11031274372.01,71.85,0.00
DTP-20160119,2016-01-19,2016,2,13604762255405.85,5335877921830.74,18940640177236.59,6050410001.63,71.83,0.00
DTP-20160120,2016-01-20,2016,2,13605230659952.67,5336176239299.48,18941406899252.15,766722015.56,71.83,0.00
DTP-20160121,2016-01-21,2016,2,13618066597558.58,5340770720675.04,18958837318233.62,17430418981.47,71.83,0.00
DTP-20160122,2016-01-22,2016,2,13618136618476.23,5343501354590.19,18961637973066.42,2800654832.80,71.82,0.00
DTP-20160125,2016-01-25,2016,2,13618253426312.79,5343714665198.40,18961968091511.19,330118444.77,71.82,-0.00
DTP-20160126,2016-01-26,2016,2,13619378881180.03,5348965630676.98,18968344511857.01,6376420345.82,71.80,-0.00
DTP-20160127,2016-01-27,2016,2,13619208132785.04,5343381642260.37,18962589775045.41,-5754736811.60,71.82,0.00
DTP-20160128,2016-01-28,2016,2,13642412570724.01,5347390443939.69,18989803014663.70,27213239618.29,71.84,0.00
DTP-20160129,2016-01-29,2016,2,13657155197715.49,5355672500702.44,19012827698417.93,23024683754.23,71.83,0.00
DTP-20160201,2016-02-01,2016,2,13653630057225.21,5322089769906.00,18975719827131.21,-37107871286.72,71.95,0.00
DTP-20160202,2016-02-02,2016,2,13654222787946.98,5338076219769.96,18992299007716.94,16579180585.73,71.89,0.00
DTP-20160203,2016-02-03,2016,2,13653956489223.94,5321237436298.58,18975193925522.52,-17105082194.42,71.96,0.00
DTP-20160204,2016-02-04,2016,2,13671782218330.37,5324904654849.67,18996686873180.04,21492947657.52,71.97,0.00
DTP-20160205,2016-02-05,2016,2,13671684875335.50,5324686646235.64,18996371521571.14,-315351608.90,71.97,0.00
DTP-20160208,2016-02-08,2016,2,13671178906023.67,5329057006561.98,19000235912585.65,3864391014.51,71.95,0.00
DTP-20160209,2016-02-09,2016,2,13671232160077.74,5334127080666.86,19005359240744.60,5123328158.95,71.93,0.00
DTP-20160210,2016-02-10,2016,2,13671218359914.17,5320107317354.25,18991325677268.42,-14033563476.18,71.99,0.00
DTP-20160211,2016-02-11,2016,2,13694655697342.99,5321606237619.90,19016261934962.89,24936257694.47,72.02,0.00
DTP-20160212,2016-02-12,2016,2,13694790546876.44,5321734403142.08,19016524950018.52,263015055.63,72.02,0.00
DTP-20160216,2016-02-16,2016,2,13701820560778.22,5328203912312.63,19030024473090.85,13499523072.33,72.00,0.00
DTP-20160217,2016-02-17,2016,2,13702339267283.23,5326657927035.24,19028997194318.47,-1027278772.38,72.01,0.00
DTP-20160218,2016-02-18,2016,2,13720658078374.81,5326468527404.11,19047126605778.92,18129411460.45,72.04,0.00
DTP-20160219,2016-02-19,2016,2,13720729097544.08,5331674770738.77,19052403868282.85,5277262503.93,72.02,0.00
DTP-20160222,2016-02-22,2016,2,13720101519614.18,5333279623920.03,19053381143534.21,977275251.36,72.01,0.00
DTP-20160223,2016-02-23,2016,2,13720282411468.74,5344596688213.78,19064879099682.52,11497956148.31,71.97,0.00
DTP-20160224,2016-02-24,2016,2,13720777763924.45,5333386764838.53,19054164528762.98,-10714570919.54,72.01,0.00
DTP-20160225,2016-02-25,2016,2,13737072912714.09,5333584380400.44,19070657293114.53,16492764351.55,72.03,0.00
DTP-20160226,2016-02-26,2016,2,13750549019635.94,5329574803384.80,19080123823020.74,9466529906.21,72.07,0.00
DTP-20160229,2016-02-29,2016,2,13785189234310.03,5340265823115.77,19125455057425.80,45331234405.06,72.08,-0.00
DTP-20160301,2016-03-01,2016,2,13783341136899.40,5307539662122.23,19090880799021.63,-34574258404.17,72.20,0.00
DTP-20160302,2016-03-02,2016,2,13783164052201.82,5314357618947.02,19097521671148.84,6640872127.21,72.17,0.00
DTP-20160303,2016-03-03,2016,2,13793876317467.66,5299274527438.42,19093150844906.08,-4370826242.76,72.25,0.00
DTP-20160304,2016-03-04,2016,2,13793877476968.26,5299618546786.20,19093496023754.46,345178848.38,72.24,0.00
DTP-20160307,2016-03-07,2016,2,13794825373810.91,5303000253792.09,19097825627603.00,4329603848.54,72.23,0.00
DTP-20160308,2016-03-08,2016,2,13794796393618.38,5318080502876.62,19112876896495.00,15051268892.00,72.18,0.00
DTP-20160309,2016-03-09,2016,2,13795114157260.35,5305070060670.13,19100184217930.48,-12692678564.52,72.23,0.00
DTP-20160310,2016-03-10,2016,2,13818925974888.58,5306399201105.74,19125325175994.32,25140958063.84,72.25,0.00
DTP-20160311,2016-03-11,2016,2,13818958324247.05,5305328364697.55,19124286688944.60,-1038487049.72,72.26,0.00
DTP-20160314,2016-03-14,2016,2,13819745871572.94,5308973696770.82,19128719568343.76,4432879399.16,72.25,-0.00
DTP-20160315,2016-03-15,2016,2,13844438377169.20,5317436151447.27,19161874528616.47,33154960272.71,72.25,0.00
DTP-20160316,2016-03-16,2016,2,13844765451215.03,5306633961334.74,19151399412549.77,-10475116066.70,72.29,0.00
DTP-20160317,2016-03-17,2016,2,13872097560385.71,5316131402424.63,19188228962810.34,36829550260.57,72.29,0.00
DTP-20160318,2016-03-18,2016,2,13871715373933.77,5331279036146.54,19202994410080.31,14765447269.97,72.24,0.00
DTP-20160321,2016-03-21,2016,2,13871782006104.20,5333815407752.76,19205597413856.96,2603003776.65,72.23,0.00
DTP-20160322,2016-03-22,2016,2,13872009421931.58,5339333305793.20,19211342727724.78,5745313867.82,72.21,0.00
DTP-20160323,2016-03-23,2016,2,13872276441179.46,5328323224759.31,19200599665938.77,-10743061786.01,72.25,0.00
DTP-20160324,2016-03-24,2016,2,13886696188689.00,5324968404635.31,19211664593324.31,11064927385.54,72.28,0.00
DTP-20160325,2016-03-25,2016,2,13886715760755.82,5328214209122.69,19214929969878.51,3265376554.20,72.27,0.00
DTP-20160328,2016-03-28,2016,2,13899569851514.06,5330525222078.85,19230095073592.91,15165103714.40,72.28,0.00
DTP-20160329,2016-03-29,2016,2,13900261820356.47,5335436646672.36,19235698467028.83,5603393435.92,72.26,0.00
DTP-20160330,2016-03-30,2016,2,13899646119102.65,5333304722607.98,19232950841710.63,-2747625318.20,72.27,0.00
DTP-20160331,2016-03-31,2016,2,13924877638956.82,5340060980686.25,19264938619643.07,31987777932.44,72.28,0.00
DTP-20160401,2016-04-01,2016,3,13921673703892.95,5296843134413.57,19218516838306.52,-46421781336.55,72.44,0.00
DTP-20160404,2016-04-04,2016,3,13922033791553.02,5306010302152.06,19228044093705.08,9527255398.56,72.40,0.00
DTP-20160405,2016-04-05,2016,3,13923114547255.61,5313952578889.43,19237067126145.04,9023032439.96,72.38,0.00
DTP-20160406,2016-04-06,2016,3,13923977279618.33,5314930752253.58,19238908031871.91,1840905726.87,72.37,0.00
DTP-20160407,2016-04-07,2016,3,13902918963337.50,5318287368251.58,19221206331589.08,-17701700282.83,72.33,0.00
DTP-20160408,2016-04-08,2016,3,13903107629266.31,5320089872069.83,19223197501336.14,1991169747.06,72.32,0.00
DTP-20160411,2016-04-11,2016,3,13902453360206.34,5323773129000.84,19226226489207.18,3028987871.04,72.31,0.00
DTP-20160412,2016-04-12,2016,3,13903091705802.65,5330914489911.14,19234006195713.79,7779706506.61,72.28,0.00
DTP-20160413,2016-04-13,2016,3,13902493929894.77,5318803910538.12,19221297840432.89,-12708355280.90,72.33,0.00
DTP-20160414,2016-04-14,2016,3,13881973672007.08,5321213514588.35,19203187186595.43,-18110653837.46,72.29,0.00
DTP-20160415,2016-04-15,2016,3,13865458837943.97,5338184261549.28,19203643099493.25,455912897.82,72.20,0.00
DTP-20160418,2016-04-18,2016,3,13865650276466.53,5342627662189.48,19208277938656.01,4634839162.76,72.19,-0.00
DTP-20160419,2016-04-19,2016,3,13865811067577.70,5356021650313.65,19221832717891.35,13554779235.34,72.14,0.00
DTP-20160420,2016-04-20,2016,3,13868107646514.44,5347571961074.97,19215679607589.41,-6153110301.94,72.17,0.00
DTP-20160421,2016-04-21,2016,3,13844262090045.92,5352507222973.76,19196769313019.68,-18910294569.73,72.12,0.00
DTP-20160422,2016-04-22,2016,3,13844359336199.21,5353813438333.58,19198172774532.79,1403461513.11,72.11,0.00
DTP-20160425,2016-04-25,2016,3,13844294219855.90,5366051045396.32,19210345265252.22,12172490719.43,72.07,0.00
DTP-20160426,2016-04-26,2016,3,13844839299710.01,5373833886649.41,19218673186359.42,8327921107.20,72.04,0.00
DTP-20160427,2016-04-27,2016,3,13845665596589.54,5363739564736.13,19209405161325.67,-9268025033.75,72.08,-0.00
DTP-20160428,2016-04-28,2016,3,13824358558677.99,5361849185911.56,19186207744589.55,-23197416736.12,72.05,0.00
DTP-20160429,2016-04-29,2016,3,13841194733299.04,5346192750684.33,19187387483983.37,1179739393.82,72.14,-0.00
DTP-20160502,2016-05-02,2016,3,13831186086753.00,5338815808921.07,19170001895674.07,-17385588309.30,72.15,0.00
DTP-20160503,2016-05-03,2016,3,13831649186160.54,5340166742538.28,19171815928698.82,1814033024.75,72.15,0.00
DTP-20160504,2016-05-04,2016,3,13832249482501.80,5354405959219.89,19186655441721.69,14839513022.87,72.09,0.00
DTP-20160505,2016-05-05,2016,3,13826922037351.38,5361180375897.43,19188102413248.81,1446971527.12,72.06,0.00
DTP-20160506,2016-05-06,2016,3,13827049077929.95,5363010475852.25,19190059553782.20,1957140533.39,72.05,0.00
DTP-20160509,2016-05-09,2016,3,13827271401286.52,5370225841845.64,19197497243132.16,7437689349.96,72.03,0.00
DTP-20160510,2016-05-10,2016,3,13828504187211.56,5376009820009.82,19204514007221.38,7016764089.22,72.01,0.00
DTP-20160511,2016-05-11,2016,3,13829327651951.17,5364073453950.77,19193401105901.94,-11112901319.44,72.05,-0.00
DTP-20160512,2016-05-12,2016,3,13832796757097.89,5367372676727.35,19200169433825.24,6768327923.30,72.05,0.00
DTP-20160513,2016-05-13,2016,3,13832771542260.87,5367122582813.17,19199894125074.04,-275308751.20,72.05,0.00
DTP-20160516,2016-05-16,2016,3,13835035097988.32,5371945333921.71,19206980431910.03,7086306835.99,72.03,0.00
DTP-20160517,2016-05-17,2016,3,13836047408670.43,5381997543923.84,19218044952594.27,11064520684.24,72.00,0.00
DTP-20160518,2016-05-18,2016,3,13836955706806.20,5369561337497.34,19206517044303.54,-11527908290.73,72.04,0.00
DTP-20160519,2016-05-19,2016,3,13840100471987.98,5372351154254.64,19212451626242.62,5934581939.08,72.04,0.00
DTP-20160520,2016-05-20,2016,3,13840180848558.46,5369635316168.22,19209816164726.68,-2635461515.94,72.05,0.00
DTP-20160523,2016-05-23,2016,3,13840721563957.81,5371771151585.43,19212492715543.24,2676550816.56,72.04,0.00
DTP-20160524,2016-05-24,2016,3,13841341118883.61,5381706417013.70,19223047535897.31,10554820354.07,72.00,0.00
DTP-20160525,2016-05-25,2016,3,13842104598265.32,5372024226584.60,19214128824849.92,-8918711047.39,72.04,0.00
DTP-20160526,2016-05-26,2016,3,13842705623645.23,5373432216790.90,19216137840436.13,2009015586.21,72.04,0.00
DTP-20160527,2016-05-27,2016,3,13857303233304.40,5369114557034.15,19226417790338.55,10279949902.42,72.07,0.00
DTP-20160531,2016-05-31,2016,3,13886302639366.64,5379148932964.07,19265451572330.71,39033781992.16,72.08,0.00
DTP-20160601,2016-06-01,2016,3,13884271413600.06,5346362815469.49,19230634229069.55,-34817343261.16,72.20,0.00
DTP-20160602,2016-06-02,2016,3,13879179733194.06,5350099803327.66,19229279536521.72,-1354692547.83,72.18,0.00
DTP-20160603,2016-06-03,2016,3,13879563394668.94,5334950669512.26,19214514064181.20,-14765472340.52,72.23,0.00
DTP-20160606,2016-06-06,2016,3,13881076487922.93,5339408069441.67,19220484557364.60,5970493183.40,72.22,0.00
DTP-20160607,2016-06-07,2016,3,13882389647822.63,5346008479814.35,19228398127636.98,7913570272.38,72.20,0.00
DTP-20160608,2016-06-08,2016,3,13882696862769.28,5347573185635.71,19230270048404.99,1871920768.01,72.19,0.00
DTP-20160609,2016-06-09,2016,3,13872590394995.13,5346875479280.35,19219465874275.48,-10804174129.51,72.18,0.00
DTP-20160610,2016-06-10,2016,3,13872874580832.05,5345975715555.15,19218850296387.20,-615577888.28,72.18,0.00
DTP-20160613,2016-06-13,2016,3,13873341819170.75,5348933892731.78,19222275711902.53,3425415515.33,72.17,0.00
DTP-20160614,2016-06-14,2016,3,13874220888084.89,5355842747708.54,19230063635793.43,7787923890.90,72.15,0.00
DTP-20160615,2016-06-15,2016,3,13897065420512.81,5348509074878.91,19245574495391.72,15510859598.29,72.21,0.00
DTP-20160616,2016-06-16,2016,3,13893504442447.52,5354739735873.50,19248244178321.02,2669682929.30,72.18,0.00
DTP-20160617,2016-06-17,2016,3,13893769274914.75,5359215260402.89,19252984535317.64,4740356996.62,72.16,0.00
DTP-20160620,2016-06-20,2016,3,13894074623030.64,5362581534437.88,19256656157468.52,3671622150.88,72.15,0.00
DTP-20160621,2016-06-21,2016,3,13894846561608.64,5370898209170.01,19265744770778.65,9088613310.13,72.12,0.00
DTP-20160622,2016-06-22,2016,3,13895631577508.77,5356799717661.27,19252431295170.04,-13313475608.61,72.18,0.00
DTP-20160623,2016-06-23,2016,3,13894409014830.66,5365403407185.81,19259812422016.47,7381126846.43,72.14,0.00
DTP-20160624,2016-06-24,2016,3,13907928859330.16,5370008964132.77,19277937823462.93,18125401446.46,72.14,0.00
DTP-20160627,2016-06-27,2016,3,13908843210989.37,5370479660109.04,19279322871098.41,1385047635.48,72.14,0.00
DTP-20160628,2016-06-28,2016,3,13909012385423.09,5375387406887.70,19284399792310.79,5076921212.38,72.13,0.00
DTP-20160629,2016-06-29,2016,3,13909292651119.25,5374032947234.27,19283325598353.52,-1074193957.27,72.13,0.00
DTP-20160630,2016-06-30,2016,3,13932742716540.43,5448848424251.79,19381591140792.22,98265542438.70,71.89,0.00
DTP-20160701,2016-07-01,2016,4,13926087733606.91,5390843959620.20,19316931693227.11,-64659447565.11,72.09,0.00
DTP-20160705,2016-07-05,2016,4,13927226195666.63,5400519826003.35,19327746021669.98,10814328442.87,72.06,0.00
DTP-20160706,2016-07-06,2016,4,13928111158819.55,5415430610004.42,19343541768823.97,15795747153.99,72.00,0.00
DTP-20160707,2016-07-07,2016,4,13943997925113.24,5416178816504.30,19360176741617.54,16634972793.57,72.02,0.00
DTP-20160708,2016-07-08,2016,4,13944032231761.83,5418000615100.07,19362032846861.90,1856105244.36,72.02,0.00
DTP-20160711,2016-07-11,2016,4,13944568567954.31,5422405986406.19,19366974554360.50,4941707498.60,72.00,0.00
DTP-20160712,2016-07-12,2016,4,13946038729573.82,5426891350873.53,19372930080447.35,5955526086.85,71.99,0.00
DTP-20160713,2016-07-13,2016,4,13946771662050.04,5414517426081.52,19361289088131.56,-11640992315.79,72.03,0.00
DTP-20160714,2016-07-14,2016,4,13964143295474.84,5416446752762.80,19380590048237.64,19300960106.08,72.05,0.00
DTP-20160715,2016-07-15,2016,4,13967595692022.47,5418464287147.31,19386059979169.78,5469930932.14,72.05,0.00
DTP-20160718,2016-07-18,2016,4,13968266192239.85,5422828054788.41,19391094247028.26,5034267858.48,72.03,-0.00
DTP-20160719,2016-07-19,2016,4,13968795835121.13,5433566055808.33,19402361890929.46,11267643901.20,72.00,0.00
DTP-20160720,2016-07-20,2016,4,13969332927969.84,5422371099697.28,19391704027667.12,-10657863262.34,72.04,0.00
DTP-20160721,2016-07-21,2016,4,13974805286247.23,5425761581371.69,19400566867618.92,8862839951.80,72.03,0.00
DTP-20160722,2016-07-22,2016,4,13974919498763.57,5425414152259.91,19400333651023.48,-233216595.44,72.03,0.00
DTP-20160725,2016-07-25,2016,4,13975247201536.73,5431939477047.49,19407186678584.22,6853027560.74,72.01,0.00
DTP-20160726,2016-07-26,2016,4,13975894544370.14,5439234262762.80,19415128807132.94,7942128548.72,71.98,0.00
DTP-20160727,2016-07-27,2016,4,13976589446058.20,5426316940466.05,19402906386524.25,-12222420608.69,72.03,0.00
DTP-20160728,2016-07-28,2016,4,13986166190456.24,5426120391845.67,19412286582301.91,9380195777.66,72.05,0.00
DTP-20160729,2016-07-29,2016,4,13998219609725.92,5429474970060.72,19427694579786.64,15407997484.73,72.05,0.00
DTP-20160801,2016-08-01,2016,4,13968476305648.08,5390230809940.92,19358707115589.00,-68987464197.64,72.16,0.00
DTP-20160802,2016-08-02,2016,4,13969823326778.88,5404393466362.55,19374216793141.43,15509677552.43,72.11,0.00
DTP-20160803,2016-08-03,2016,4,13970207094318.46,5389134911519.94,19359342005838.40,-14874787303.03,72.16,0.00
DTP-20160804,2016-08-04,2016,4,13986683206821.85,5392883234200.33,19379566441022.18,20224435183.78,72.17,0.00
DTP-20160805,2016-08-05,2016,4,13986844932465.79,5393297583569.63,19380142516035.42,576075013.24,72.17,-0.00
DTP-20160808,2016-08-08,2016,4,13987042213587.40,5398529483375.10,19385571696962.50,5429180927.08,72.15,0.00
DTP-20160809,2016-08-09,2016,4,13987508744204.79,5403237678949.39,19390746423154.18,5174726191.68,72.13,0.00
DTP-20160810,2016-08-10,2016,4,13987862462404.79,5389779657391.93,19377642119796.72,-13104303357.46,72.19,0.00
DTP-20160811,2016-08-11,2016,4,14012831105933.15,5391552020171.91,19404383126105.06,26741006308.34,72.21,0.00
DTP-20160812,2016-08-12,2016,4,14012909909536.53,5390094670446.31,19403004579982.84,-1378546122.22,72.22,0.00
DTP-20160815,2016-08-15,2016,4,14024110783052.61,5396047247529.39,19420158030582.00,17153450599.16,72.21,0.00
DTP-20160816,2016-08-16,2016,4,14024870957806.76,5403208426376.51,19428079384183.27,7921353601.27,72.19,0.00
DTP-20160817,2016-08-17,2016,4,14026423968194.02,5395367216598.63,19421791184792.65,-6288199390.62,72.22,0.00
DTP-20160818,2016-08-18,2016,4,14047674908173.97,5397425725346.21,19445100633520.18,23309448727.53,72.24,0.00
DTP-20160819,2016-08-19,2016,4,14047725717202.02,5395540447211.39,19443266164413.41,-1834469106.77,72.25,0.00
DTP-20160822,2016-08-22,2016,4,14048083035091.28,5397919457921.54,19446002493012.82,2736328599.41,72.24,0.00
DTP-20160823,2016-08-23,2016,4,14048514797360.74,5406429570945.25,19454944368305.99,8941875293.17,72.21,0.00
DTP-20160824,2016-08-24,2016,4,14049850823623.81,5393062338785.33,19442913162409.14,-12031205896.85,72.26,0.00
DTP-20160825,2016-08-25,2016,4,14074662602379.91,5397541158721.85,19472203761101.76,29290598692.62,72.28,-0.00
DTP-20160826,2016-08-26,2016,4,14087752772423.12,5396035821905.15,19483788594328.27,11584833226.51,72.30,0.00
DTP-20160829,2016-08-29,2016,4,14087948246835.23,5398255615570.88,19486203862406.11,2415268077.84,72.30,0.00
DTP-20160830,2016-08-30,2016,4,14088908634084.36,5403175375696.03,19492084009780.39,5880147374.28,72.28,0.00
DTP-20160831,2016-08-31,2016,4,14104113716888.75,5406182525876.91,19510296242765.66,18212232985.27,72.29,0.00
DTP-20160901,2016-09-01,2016,4,14109650363020.90,5371920778200.77,19481571141221.67,-28725101543.99,72.43,0.00
DTP-20160902,2016-09-02,2016,4,14110181429589.28,5360202174224.45,19470383603813.73,-11187537407.94,72.47,0.00
DTP-20160906,2016-09-06,2016,4,14109707852390.37,5364233593707.95,19473941446098.32,3557842284.59,72.45,0.00
DTP-20160907,2016-09-07,2016,4,14111278792640.16,5368212692018.97,19479491484659.13,5550038560.81,72.44,0.00
DTP-20160908,2016-09-08,2016,4,14112595306798.40,5369490964535.42,19482086271333.82,2594786674.69,72.44,0.00
DTP-20160909,2016-09-09,2016,4,14112568886679.61,5370125502326.89,19482694389006.50,608117672.68,72.44,0.00
DTP-20160912,2016-09-12,2016,4,14111755978422.80,5372904648342.72,19484660626765.52,1966237759.02,72.42,0.00
DTP-20160913,2016-09-13,2016,4,14113612927226.45,5379678186581.32,19493291113807.77,8630487042.25,72.40,0.00
DTP-20160914,2016-09-14,2016,4,14113613459659.20,5366900544762.56,19480514004421.76,-12777109386.01,72.45,-0.00
DTP-20160915,2016-09-15,2016,4,14134189871715.58,5374051700309.97,19508241572025.55,27727567603.79,72.45,0.00
DTP-20160916,2016-09-16,2016,4,14134070557269.95,5376840268360.75,19510910825630.70,2669253605.15,72.44,0.00
DTP-20160919,2016-09-19,2016,4,14133906537110.20,5384219037898.21,19518125575008.41,7214749377.71,72.41,0.00
DTP-20160920,2016-09-20,2016,4,14134013581265.37,5390322314277.66,19524335895543.03,6210320534.62,72.39,0.00
DTP-20160921,2016-09-21,2016,4,14135524440618.49,5381932513633.92,19517456954252.41,-6878941290.62,72.43,0.00
DTP-20160922,2016-09-22,2016,4,14133281357263.35,5386189719305.37,19519471076568.72,2014122316.31,72.41,0.00
DTP-20160923,2016-09-23,2016,4,14133690092042.80,5391072885676.82,19524762977719.62,5291901150.90,72.39,0.00
DTP-20160926,2016-09-26,2016,4,14133540381801.80,5396048120946.87,19529588502748.67,4825525029.05,72.37,0.00
DTP-20160927,2016-09-27,2016,4,14133914249908.12,5402940266373.59,19536854516281.71,7266013533.04,72.34,0.00
DTP-20160928,2016-09-28,2016,4,14134459589754.46,5385472778092.82,19519932367847.28,-16922148434.43,72.41,0.00
DTP-20160929,2016-09-29,2016,4,14148919195185.48,5383971038667.69,19532890233853.17,12957866005.89,72.44,0.00
DTP-20160930,2016-09-30,2016,4,14173423516895.82,5400021197040.97,19573444713936.79,40554480083.62,72.41,0.00
DTP-20161003,2016-10-03,2017,1,14169562468883.59,5473387273677.92,19642949742561.51,69505028624.72,72.14,-0.00
DTP-20161004,2016-10-04,2017,1,14170607259402.13,5488853387758.70,19659460647160.83,16510904599.32,72.08,0.00
DTP-20161005,2016-10-05,2017,1,14170897492757.91,5492514005039.49,19663411497797.40,3950850636.57,72.07,0.00
DTP-20161006,2016-10-06,2017,1,14191998688412.48,5496774917705.06,19688773606117.54,25362108320.14,72.08,0.00
DTP-20161007,2016-10-07,2017,1,14192019528044.50,5495404952914.64,19687424480959.14,-1349125158.40,72.09,0.00
DTP-20161011,2016-10-11,2017,1,14191727340124.70,5502589257087.44,19694316597212.14,6892116253.00,72.06,0.00
DTP-20161012,2016-10-12,2017,1,14192469293335.61,5496212562862.46,19688681856198.07,-5634741014.07,72.08,0.00
DTP-20161013,2016-10-13,2017,1,14225008508056.12,5495822314247.37,19720830822303.49,32148966105.42,72.13,0.00
DTP-20161014,2016-10-14,2017,1,14224929303468.67,5496689254335.10,19721618557803.77,787735500.28,72.13,0.00
DTP-20161017,2016-10-17,2017,1,14250368582399.09,5505195434753.88,19755564017152.97,33945459349.20,72.13,0.00
DTP-20161018,2016-10-18,2017,1,14250776102656.20,5515803925593.21,19766580028249.41,11016011096.44,72.10,0.00
DTP-20161019,2016-10-19,2017,1,14251115177983.21,5503141883898.95,19754257061882.16,-12322966367.25,72.14,0.00
DTP-20161020,2016-10-20,2017,1,14280302905411.90,5505282284466.22,19785585189878.12,31328127995.96,72.18,0.00
DTP-20161021,2016-10-21,2017,1,14280596088761.43,5505844666542.37,19786440755303.80,855565425.68,72.17,0.00
DTP-20161024,2016-10-24,2017,1,14280600879535.61,5507419808984.92,19788020688520.53,1579933216.73,72.17,0.00
DTP-20161025,2016-10-25,2017,1,14281263358831.04,5527241493376.17,19808504852207.21,20484163686.68,72.10,0.00
DTP-20161026,2016-10-26,2017,1,14282026426872.79,5513471034408.83,19795497461281.62,-13007390925.59,72.15,-0.00
DTP-20161027,2016-10-27,2017,1,14310094761549.55,5514773480862.54,19824868242412.09,29370781130.47,72.18,0.00
DTP-20161028,2016-10-28,2017,1,14309982958438.22,5510526280153.27,19820509238591.49,-4359003820.60,72.20,0.00
DTP-20161031,2016-10-31,2017,1,14286500538390.57,5519214676251.18,19805715214641.75,-14794023949.74,72.13,0.00
DTP-20161101,2016-11-01,2017,1,14284843453012.60,5475210674033.23,19760054127045.83,-45661087595.92,72.29,0.00
DTP-20161102,2016-11-02,2017,1,14287092579497.98,5482529099054.74,19769621678552.72,9567551506.89,72.27,0.00
DTP-20161103,2016-11-03,2017,1,14320172405570.40,5469963924432.79,19790136330003.19,20514651450.47,72.36,0.00
DTP-20161104,2016-11-04,2017,1,14321488687553.88,5469278544758.06,19790767232311.94,630902308.75,72.36,0.00
DTP-20161107,2016-11-07,2017,1,14322368992722.54,5474220508053.54,19796589500776.08,5822268464.14,72.35,0.00
DTP-20161108,2016-11-08,2017,1,14323406201380.96,5482833657225.08,19806239858606.04,9650357829.96,72.32,0.00
DTP-20161109,2016-11-09,2017,1,14324109031573.47,5469588130730.35,19793697162303.82,-12542696302.22,72.37,0.00
DTP-20161110,2016-11-10,2017,1,14371392856952.46,5469181434194.55,19840574291147.01,46877128843.19,72.43,0.00
DTP-20161114,2016-11-14,2017,1,14370898566705.93,5471275383163.65,19842173949869.58,1599658722.57,72.43,0.00
DTP-20161115,2016-11-15,2017,1,14371170566083.79,5495948465969.49,19867119032053.28,24945082183.70,72.34,0.00
DTP-20161116,2016-11-16,2017,1,14372638397082.72,5485189463602.89,19857827860685.61,-9291171367.67,72.38,0.00
DTP-20161117,2016-11-17,2017,1,14406421117922.46,5490729852964.41,19897150970886.87,39323110201.26,72.40,0.00
DTP-20161118,2016-11-18,2017,1,14406543875848.20,5489426480230.83,19895970356079.03,-1180614807.84,72.41,0.00
DTP-20161121,2016-11-21,2017,1,14406490862702.80,5492513218790.70,19899004081493.50,3033725414.47,72.40,0.00
DTP-20161122,2016-11-22,2017,1,14407162989714.94,5500377749799.58,19907540739514.52,8536658021.02,72.37,0.00
DTP-20161123,2016-11-23,2017,1,14407388206277.32,5490606141423.18,19897994347700.50,-9546391814.02,72.41,0.00
DTP-20161125,2016-11-25,2017,1,14431144367664.73,5496973825497.82,19928118193162.55,30123845462.05,72.42,0.00
DTP-20161128,2016-11-28,2017,1,14431113155629.56,5498071005722.57,19929184161352.13,1065968189.58,72.41,0.00
DTP-20161129,2016-11-29,2017,1,14431428071395.58,5499270578581.87,19930698649977.45,1514488625.32,72.41,0.00
DTP-20161130,2016-11-30,2017,1,14443700147858.19,5504364549387.56,19948064697245.75,17366047268.30,72.41,0.00
DTP-20161201,2016-12-01,2017,1,14426957828535.53,5474587322590.98,19901545151126.51,-46519546119.24,72.49,-0.00
DTP-20161202,2016-12-02,2017,1,14424638938310.63,5456584084842.25,19881223023152.88,-20322127973.63,72.55,0.00
DTP-20161205,2016-12-05,2017,1,14424537793530.47,5461035142337.90,19885572935868.37,4349912715.49,72.54,0.00
DTP-20161206,2016-12-06,2017,1,14425239059062.72,5467127468998.50,19892366528061.22,6793592192.85,72.52,0.00
DTP-20161207,2016-12-07,2017,1,14425439263432.22,5465734121397.82,19891173384830.04,-1193143231.18,72.52,0.00
DTP-20161208,2016-12-08,2017,1,14407909129685.78,5469509266795.88,19877418396481.66,-13754988348.38,72.48,0.00
DTP-20161209,2016-12-09,2017,1,14408013134960.76,5468360263998.61,19876373398959.37,-1044997522.29,72.49,0.00
DTP-20161212,2016-12-12,2017,1,14407877626550.08,5470849496279.61,19878727122829.69,2353723870.32,72.48,0.00
DTP-20161213,2016-12-13,2017,1,14407841909496.49,5476481361906.74,19884323271403.23,5596148573.54,72.46,0.00
DTP-20161214,2016-12-14,2017,1,14408092406140.23,5463365545947.56,19871457952087.79,-12865319315.44,72.51,0.00
DTP-20161215,2016-12-15,2017,1,14409959585673.04,5465360900351.55,19875320486024.59,3862533936.80,72.50,0.00
DTP-20161216,2016-12-16,2017,1,14409753863289.26,5466282479335.26,19876036342624.52,715856599.93,72.50,0.00
DTP-20161219,2016-12-19,2017,1,14409250945481.66,5473412814655.03,19882663760136.69,6627417512.17,72.47,0.00
DTP-20161220,2016-12-20,2017,1,14409700513496.22,5479892336998.52,19889592850494.74,6929090358.05,72.45,0.00
DTP-20161221,2016-12-21,2017,1,14410280815369.15,5468000077962.57,19878280893331.72,-11311957163.02,72.49,0.00
DTP-20161222,2016-12-22,2017,1,14406888441829.63,5470561237429.85,19877449679259.48,-831214072.24,72.48,0.00
DTP-20161223,2016-12-23,2017,1,14406979396410.11,5480208620767.00,19887188017177.11,9738337917.63,72.44,0.00
DTP-20161227,2016-12-27,2017,1,14406465216858.38,5484234388428.15,19890699605286.53,3511588109.42,72.43,0.00
DTP-20161228,2016-12-28,2017,1,14405852979844.42,5473536318684.51,19879389298528.93,-11310306757.60,72.47,0.00
DTP-20161229,2016-12-29,2017,1,14407586835524.92,5471564919408.61,19879151754933.53,-237543595.40,72.48,0.00
DTP-20161230,2016-12-30,2017,1,14434841520928.37,5541985430119.43,19976826951047.80,97675196114.27,72.26,-0.00
DTP-20170103,2017-01-03,2017,2,14433863346613.25,5501162242779.60,19935025589392.85,-41801361654.95,72.40,0.00
DTP-20170104,2017-01-04,2017,2,14434184134456.60,5518230099884.11,19952414234340.71,17388644947.86,72.34,0.00
DTP-20170105,2017-01-05,2017,2,14428038035922.01,5520434952413.18,19948472988335.19,-3941246005.52,72.33,-0.00
DTP-20170106,2017-01-06,2017,2,14427907445498.86,5524901193351.73,19952808638850.59,4335650515.40,72.31,0.00
DTP-20170109,2017-01-09,2017,2,14428006472982.21,5527337412395.52,19955343885377.73,2535246527.14,72.30,0.00
DTP-20170110,2017-01-10,2017,2,14428296339850.48,5535972536107.13,19964268875957.61,8924990579.88,72.27,0.00
DTP-20170111,2017-01-11,2017,2,14428237129034.48,5523519071246.50,19951756200280.98,-12512675676.63,72.32,0.00
DTP-20170112,2017-01-12,2017,2,14416901419767.10,5524905964079.95,19941807383847.05,-9948816433.93,72.29,0.00
DTP-20170113,2017-01-13,2017,2,14416524945353.95,5524089431150.45,19940614376504.40,-1193007342.65,72.30,0.00
DTP-20170117,2017-01-17,2017,2,14423556565883.12,5536398251468.53,19959954817351.65,19340440847.25,72.26,0.00
DTP-20170118,2017-01-18,2017,2,14423937840025.61,5537529297948.03,19961467137973.64,1512320621.99,72.26,0.00
DTP-20170119,2017-01-19,2017,2,14403768885198.20,5540660331908.57,19944429217106.77,-17037920866.87,72.22,0.00
DTP-20170120,2017-01-20,2017,2,14403704176388.94,5543600378823.55,19947304555212.49,2875338105.72,72.21,0.00
DTP-20170123,2017-01-23,2017,2,14403351740088.47,5546326626909.53,19949678366998.00,2373811785.51,72.20,0.00
DTP-20170124,2017-01-24,2017,2,14403553860564.25,5554535694795.58,19958089555359.83,8411188361.83,72.17,0.00
DTP-20170125,2017-01-25,2017,2,14403832990025.55,5546770252641.98,19950603242667.53,-7486312692.30,72.20,0.00
DTP-20170126,2017-01-26,2017,2,14387199090397.24,5552709700473.24,19939908790870.48,-10694451797.05,72.15,0.00
DTP-20170127,2017-01-27,2017,2,14387267502732.51,5551752332096.38,19939019834828.89,-888956041.59,72.16,0.00
DTP-20170130,2017-01-30,2017,2,14387073315008.16,5552686948975.26,19939760263983.42,740429154.53,72.15,0.00
DTP-20170131,2017-01-31,2017,2,14376138803534.81,5561122510968.48,19937261314503.29,-2498949480.13,72.11,0.00
DTP-20170201,2017-02-01,2017,2,14376018549508.21,5524018923279.05,19900037472787.26,-37223841716.03,72.24,0.00
DTP-20170202,2017-02-02,2017,2,14366132157960.80,5536695305608.30,19902827463569.10,2789990781.84,72.18,0.00
DTP-20170203,2017-02-03,2017,2,14365217667097.67,5520657483446.78,19885875150544.45,-16952313024.65,72.24,0.00
DTP-20170206,2017-02-06,2017,2,14365258270382.27,5525071944834.25,19890330215216.52,4455064672.07,72.22,0.00
DTP-20170207,2017-02-07,2017,2,14365365821333.09,5530397847836.97,19895763669170.06,5433453953.54,72.20,0.00
DTP-20170208,2017-02-08,2017,2,14366065663550.10,5518540557906.09,19884606221456.19,-11157447713.87,72.25,-0.00
DTP-20170209,2017-02-09,2017,2,14402429500385.19,5519906129921.50,19922335630306.69,37729408850.50,72.29,-0.00
DTP-20170210,2017-02-10,2017,2,14402525665272.86,5518539623788.82,19921065289061.68,-1270341245.01,72.30,0.00
DTP-20170213,2017-02-13,2017,2,14402458044486.83,5521760472587.69,19924218517074.52,3153228012.84,72.29,0.00
DTP-20170214,2017-02-14,2017,2,14404012711812.97,5528666521903.19,19932679233716.16,8460716641.64,72.26,0.00
DTP-20170215,2017-02-15,2017,2,14417333314382.25,5520031281120.76,19937364595503.01,4685361786.85,72.31,-0.00
DTP-20170216,2017-02-16,2017,2,14403392566439.40,5523188600438.96,19926581166878.36,-10783428624.65,72.28,0.00
DTP-20170217,2017-02-17,2017,2,14403413744145.80,5529091129955.66,19932504874101.46,5923707223.10,72.26,0.00
DTP-20170221,2017-02-21,2017,2,14403610733597.23,5531705453238.55,19935316186835.78,2811312734.32,72.25,0.00
DTP-20170222,2017-02-22,2017,2,14404723995058.93,5531156856922.13,19935880851981.06,564665145.28,72.26,0.00
DTP-20170223,2017-02-23,2017,2,14384082361381.86,5529818758806.29,19913901120188.15,-21979731792.91,72.23,0.00
DTP-20170224,2017-02-24,2017,2,14396803784290.78,5533344107395.94,19930147891686.72,16246771498.57,72.24,0.00
DTP-20170227,2017-02-27,2017,2,14396788892014.20,5534439928988.58,19931228821002.78,1080929316.06,72.23,0.00
DTP-20170228,2017-02-28,2017,2,14411380938688.54,5548212666153.04,19959593604841.58,28364783838.80,72.20,0.00
DTP-20170301,2017-03-01,2017,2,14408362699940.62,5512056071348.65,19920418771289.27,-39174833552.31,72.33,0.00
DTP-20170302,2017-03-02,2017,2,14373460119836.74,5521498449196.24,19894958569032.98,-25460202256.29,72.25,0.00
DTP-20170303,2017-03-03,2017,2,14373224948688.41,5505251728216.23,19878476676904.64,-16481892128.34,72.31,0.00
DTP-20170306,2017-03-06,2017,2,14373651850329.11,5509361133740.78,19883012984069.89,4536307165.25,72.29,0.00
DTP-20170307,2017-03-07,2017,2,14374138485372.61,5515723965819.74,19889862451192.35,6849467122.46,72.27,0.00
DTP-20170308,2017-03-08,2017,2,14374899634591.87,5504249384285.68,19879149018877.55,-10713432314.80,72.31,-0.00
DTP-20170309,2017-03-09,2017,2,14349788968701.19,5505887571510.15,19855676540211.34,-23472478666.21,72.27,0.00
DTP-20170310,2017-03-10,2017,2,14349130368996.16,5504488351469.89,19853618720466.05,-2057819745.29,72.27,0.00
DTP-20170313,2017-03-13,2017,2,14349636414694.80,5508397384855.16,19858033799549.96,4415079083.91,72.26,0.00
DTP-20170314,2017-03-14,2017,2,14384776077277.45,5517828324360.47,19902604401637.92,44570602087.96,72.28,-0.00
DTP-20170315,2017-03-15,2017,2,14340716246080.94,5505095051933.09,19845811298014.03,-56793103623.89,72.26,0.00
DTP-20170316,2017-03-16,2017,2,14363679289379.40,5482366270032.41,19846045559411.81,234261397.78,72.38,0.00
DTP-20170317,2017-03-17,2017,2,14357102037200.53,5488907579084.81,19846009616285.34,-35943126.47,72.34,0.00
DTP-20170320,2017-03-20,2017,2,14355174465938.39,5490727311673.69,19845901777612.08,-107838673.26,72.33,0.00
DTP-20170321,2017-03-21,2017,2,14349928333763.56,5495937495350.49,19845865829114.05,-35948498.03,72.31,0.00
DTP-20170322,2017-03-22,2017,2,14362886120201.04,5482943759060.92,19845829879261.96,-35949852.09,72.37,0.00
DTP-20170323,2017-03-23,2017,2,14359345780600.20,5486703424661.61,19846049205261.81,219325999.85,72.35,0.00
DTP-20170324,2017-03-24,2017,2,14360457683885.53,5485554244399.53,19846011928285.06,-37276976.75,72.36,0.00
DTP-20170327,2017-03-27,2017,2,14353360563586.92,5492539515250.15,19845900078837.07,-111849447.99,72.32,0.00
DTP-20170328,2017-03-28,2017,2,14347300479594.63,5498562317070.52,19845862796665.15,-37282171.92,72.29,0.00
DTP-20170329,2017-03-29,2017,2,14349734630200.93,5496090882936.17,19845825513137.10,-37283528.05,72.31,0.00
DTP-20170330,2017-03-30,2017,2,14348506968480.86,5497748279925.82,19846255248406.68,429735269.58,72.30,0.00
DTP-20170331,2017-03-31,2017,2,14369681939302.91,5476738123373.96,19846420062676.87,164814270.19,72.40,0.00
DTP-20170403,2017-04-03,2017,3,14379418282538.66,5467005503012.85,19846423785551.51,3722874.64,72.45,-0.00
DTP-20170404,2017-04-04,2017,3,14362461715977.51,5483680691211.34,19846142407188.85,-281378362.66,72.37,0.00
DTP-20170405,2017-04-05,2017,3,14362396997607.89,5483706313699.86,19846103311307.75,-39095881.10,72.37,0.00
DTP-20170406,2017-04-06,2017,3,14357828119755.52,5488498309378.30,19846326429133.82,223117826.07,72.35,0.00
DTP-20170407,2017-04-07,2017,3,14358379294025.94,5487906413188.23,19846285707214.17,-40721919.65,72.35,0.00
DTP-20170410,2017-04-10,2017,3,14351473062572.57,5494690466638.42,19846163529210.99,-122178003.18,72.31,0.00
DTP-20170411,2017-04-11,2017,3,14343844236238.31,5502278584322.16,19846122820560.47,-40708650.52,72.28,0.00
DTP-20170412,2017-04-12,2017,3,14355665390586.46,5490416700973.31,19846082091559.77,-40729000.70,72.34,0.00
DTP-20170413,2017-04-13,2017,3,14353022352234.99,5493291324859.45,19846313677094.44,231585534.67,72.32,0.00
DTP-20170414,2017-04-14,2017,3,14352103173495.88,5494168999280.79,19846272172776.67,-41504317.77,72.32,0.00
DTP-20170417,2017-04-17,2017,3,14330766160568.75,5515381524042.37,19846147684611.12,-124488165.55,72.21,0.00
DTP-20170418,2017-04-18,2017,3,14324046743134.43,5522059443056.01,19846106186190.44,-41498420.68,72.18,-0.00
DTP-20170419,2017-04-19,2017,3,14323623827289.64,5522440859133.26,19846064686422.90,-41499767.54,72.17,0.00
DTP-20170420,2017-04-20,2017,3,14319510296937.08,5526783380500.72,19846293677437.80,228991014.90,72.15,0.00
DTP-20170421,2017-04-21,2017,3,14316448297578.41,5529803844010.85,19846252141589.26,-41535848.54,72.14,-0.00
DTP-20170424,2017-04-24,2017,3,14304727434255.00,5541400085862.48,19846127520117.48,-124621471.78,72.08,0.00
DTP-20170425,2017-04-25,2017,3,14294148093981.59,5551937885014.07,19846085978995.66,-41541121.82,72.03,0.00
DTP-20170426,2017-04-26,2017,3,14302205452495.14,5543838983988.51,19846044436483.65,-41542512.01,72.07,0.00
DTP-20170427,2017-04-27,2017,3,14297979002617.38,5548512743228.56,19846491745845.94,447309362.29,72.04,0.00
DTP-20170428,2017-04-28,2017,3,14293344777463.61,5552784531172.11,19846129308635.72,-362437210.22,72.02,0.00
DTP-20170501,2017-05-01,2017,3,14323288296038.26,5522799009459.94,19846087305498.20,-42003137.52,72.17,0.00
DTP-20170502,2017-05-02,2017,3,14305283387282.09,5540761921910.10,19846045309192.19,-41996306.01,72.08,-0.00
DTP-20170503,2017-05-03,2017,3,14318594693410.98,5527408618124.73,19846003311535.71,-41997656.48,72.15,0.00
DTP-20170504,2017-05-04,2017,3,14311633308614.24,5534604982928.35,19846238291542.59,234980006.88,72.11,0.00
DTP-20170505,2017-05-05,2017,3,14311376945689.99,5534818575636.20,19846195521326.19,-42770216.40,72.11,0.00
DTP-20170508,2017-05-08,2017,3,14305061877082.93,5541005323739.80,19846067200822.73,-128320503.46,72.08,0.00
DTP-20170509,2017-05-09,2017,3,14299435294544.99,5546589131294.25,19846024425839.24,-42774983.49,72.05,0.00
DTP-20170510,2017-05-10,2017,3,14312904082096.46,5533077567411.53,19845981649507.99,-42776331.25,72.12,0.00
DTP-20170511,2017-05-11,2017,3,14310969938720.78,5535257353530.29,19846227292251.07,245642743.08,72.11,0.00
DTP-20170512,2017-05-12,2017,3,14310534454246.45,5535649265609.06,19846183719855.51,-43572395.56,72.11,-0.00
DTP-20170515,2017-05-15,2017,3,14306961280598.89,5539091730782.91,19846053011381.80,-130708473.71,72.09,0.00
DTP-20170516,2017-05-16,2017,3,14300695191344.14,5545314261926.62,19846009453270.76,-43558111.04,72.06,0.00
DTP-20170517,2017-05-17,2017,3,14309172224133.79,5536793669677.57,19845965893811.36,-43559459.40,72.10,0.00
DTP-20170518,2017-05-18,2017,3,14311291738645.75,5534919645563.40,19846211384209.15,245490397.79,72.11,0.00
DTP-20170519,2017-05-19,2017,3,14313167095859.27,5533000028254.81,19846167124114.08,-44260095.07,72.12,0.00
DTP-20170522,2017-05-22,2017,3,14309116236183.17,5536918104118.74,19846034340301.91,-132783812.17,72.10,0.00
DTP-20170523,2017-05-23,2017,3,14301899119121.59,5544090957561.60,19845990076683.19,-44263618.72,72.06,-0.00
DTP-20170524,2017-05-24,2017,3,14310454613226.92,5535491198487.41,19845945811714.33,-44264968.86,72.11,0.00
DTP-20170525,2017-05-25,2017,3,14310717895584.25,5535713469354.45,19846431364938.70,485553224.37,72.11,0.00
DTP-20170526,2017-05-26,2017,3,14311671308879.32,5534714734407.13,19846386043286.45,-45321652.25,72.11,0.00
DTP-20170530,2017-05-30,2017,3,14312801559793.79,5533403184774.73,19846204744568.52,-181298717.93,72.12,0.00
DTP-20170531,2017-05-31,2017,3,14298976496221.59,5546965420673.08,19845941916894.67,-262827673.85,72.05,0.00
DTP-20170601,2017-06-01,2017,3,14328615932043.56,5517588688658.78,19846204620702.34,262703807.67,72.20,0.00
DTP-20170602,2017-06-02,2017,3,14342786315926.62,5503371503511.75,19846157819438.37,-46801263.97,72.27,-0.00
DTP-20170605,2017-06-05,2017,3,14337243673967.65,5508773737489.54,19846017411457.19,-140407981.18,72.24,0.00
DTP-20170606,2017-06-06,2017,3,14329360203171.01,5516610403310.69,19845970606481.70,-46804975.49,72.20,0.00
DTP-20170607,2017-06-07,2017,3,14329788638956.65,5516135161195.92,19845923800152.57,-46806329.13,72.21,0.00
DTP-20170608,2017-06-08,2017,3,14319152866986.73,5527025389596.60,19846178256583.33,254456430.76,72.15,0.00
DTP-20170609,2017-06-09,2017,3,14318610148902.96,5527520506435.96,19846130655338.92,-47601244.41,72.15,0.00
DTP-20170612,2017-06-12,2017,3,14317140258384.63,5528847585247.97,19845987843632.60,-142811706.32,72.14,0.00
DTP-20170613,2017-06-13,2017,3,14310161582491.87,5535778583326.44,19845940165818.31,-47677814.29,72.11,0.00
DTP-20170614,2017-06-14,2017,3,14322550697917.05,5523341859950.47,19845892557867.52,-47607950.79,72.17,0.00
DTP-20170615,2017-06-15,2017,3,14314984967385.68,5531165183458.24,19846150150843.92,257592976.40,72.13,0.00
DTP-20170616,2017-06-16,2017,3,14313434126568.61,5532668326283.71,19846102452852.32,-47697991.60,72.12,0.00
DTP-20170619,2017-06-19,2017,3,14305304199019.39,5540655149851.73,19845959348871.12,-143103981.20,72.08,0.00
DTP-20170620,2017-06-20,2017,3,14296913903538.28,5548997741997.13,19845911645535.41,-47703335.71,72.04,0.00
DTP-20170621,2017-06-21,2017,3,14307331533813.17,5538532407029.13,19845863940842.30,-47704693.11,72.09,0.00
DTP-20170622,2017-06-22,2017,3,14306623483151.17,5539748029471.99,19846371512623.16,507571780.86,72.09,0.00
DTP-20170623,2017-06-23,2017,3,14306066164695.03,5540256775785.60,19846322940480.63,-48572142.53,72.08,0.00
DTP-20170626,2017-06-26,2017,3,14297090967426.01,5549086231832.33,19846177199258.34,-145741222.29,72.04,0.00
DTP-20170627,2017-06-27,2017,3,14292036016954.82,5554092606167.69,19846128623122.51,-48576135.83,72.01,0.00
DTP-20170628,2017-06-28,2017,3,14306866755383.15,5539213290244.32,19846080045627.47,-48577495.04,72.09,0.00
DTP-20170629,2017-06-29,2017,3,14307903159240.91,5538439733851.63,19846342893092.54,262847465.07,72.09,0.00
DTP-20170630,2017-06-30,2017,3,14366186344565.70,5478367838085.63,19844554182651.33,-1788710441.21,72.39,0.00
DTP-20170703,2017-07-03,2017,4,14377732162346.22,5466891718910.72,19844623881256.94,69698605.61,72.45,0.00
DTP-20170705,2017-07-05,2017,4,14363321751422.49,5481203594889.85,19844525346312.34,-98534944.60,72.38,0.00
DTP-20170706,2017-07-06,2017,4,14362806936835.64,5481990239638.33,19844797176473.97,271830161.63,72.38,0.00
DTP-20170707,2017-07-07,2017,4,14359968840515.11,5484778120556.44,19844746961071.55,-50215402.42,72.36,0.00
DTP-20170710,2017-07-10,2017,4,14358799042021.70,5485797264982.98,19844596307004.68,-150654066.87,72.36,0.00
DTP-20170711,2017-07-11,2017,4,14352258511505.05,5492287574761.77,19844546086266.82,-50220737.86,72.32,0.00
DTP-20170712,2017-07-12,2017,4,14364884958326.67,5479610905839.49,19844495864166.16,-50222100.66,72.39,0.00
DTP-20170713,2017-07-13,2017,4,14363442518675.95,5481322892609.30,19844765411285.25,269547119.09,72.38,0.00
DTP-20170714,2017-07-14,2017,4,14364402489706.43,5480311695435.18,19844714185141.61,-51226143.64,72.38,0.00
DTP-20170717,2017-07-17,2017,4,14358888072664.52,5485672529453.00,19844560602117.52,-153583024.09,72.36,0.00
DTP-20170718,2017-07-18,2017,4,14347253370973.98,5497256034477.27,19844509405451.25,-51196666.27,72.30,0.00
DTP-20170719,2017-07-19,2017,4,14360485538680.47,5483972668758.09,19844458207438.56,-51198012.69,72.37,0.00
DTP-20170720,2017-07-20,2017,4,14357665909846.36,5487302942306.22,19844968852152.58,510644714.02,72.35,0.00
DTP-20170721,2017-07-21,2017,4,14357122300739.78,5487793826687.36,19844916127427.14,-52724725.44,72.35,0.00
DTP-20170724,2017-07-24,2017,4,14354951912764.08,5489806038254.93,19844757951019.01,-158176408.13,72.34,-0.00
DTP-20170725,2017-07-25,2017,4,14345435234979.05,5499269995749.96,19844705230729.01,-52720290.00,72.29,0.00
DTP-20170726,2017-07-26,2017,4,14355682166713.97,5488970342372.95,19844652509086.92,-52721642.09,72.34,0.00
DTP-20170727,2017-07-27,2017,4,14358389871592.54,5486549068758.83,19844938940351.37,286431264.45,72.35,-0.00
DTP-20170728,2017-07-28,2017,4,14375370231864.01,5469514787176.07,19844885019040.08,-53921311.29,72.44,0.00
DTP-20170731,2017-07-31,2017,4,14360944436689.72,5483964552527.37,19844908989217.09,23970177.01,72.37,0.00
DTP-20170801,2017-08-01,2017,4,14393440219244.75,5451422700760.69,19844862920005.44,-46069211.65,72.53,0.00
DTP-20170802,2017-08-02,2017,4,14385610981667.42,5459197450989.33,19844808432656.75,-54487348.69,72.49,0.00
DTP-20170803,2017-08-03,2017,4,14398480541692.57,5446602062169.73,19845082603862.30,274171205.55,72.55,0.00
DTP-20170804,2017-08-04,2017,4,14397065676211.26,5447961462224.19,19845027138435.45,-55465426.85,72.55,0.00
DTP-20170807,2017-08-07,2017,4,14394023898661.97,5450836835512.12,19844860734174.09,-166404261.36,72.53,0.00
DTP-20170808,2017-08-08,2017,4,14385877714057.05,5458927549326.83,19844805263383.88,-55470790.21,72.49,0.00
DTP-20170809,2017-08-09,2017,4,14399959755350.13,5444790035888.08,19844749791238.21,-55472145.67,72.56,0.00
DTP-20170810,2017-08-10,2017,4,14398550007057.28,5446471507886.88,19845021514944.16,271723705.95,72.55,0.00
DTP-20170811,2017-08-11,2017,4,14401003833986.93,5443961315795.02,19844965149781.95,-56365162.21,72.57,0.00
DTP-20170814,2017-08-14,2017,4,14397795363378.02,5447000683363.61,19844796046741.63,-169103040.32,72.55,0.00
DTP-20170815,2017-08-15,2017,4,14387623664389.71,5457116043627.46,19844739708017.17,-56338724.46,72.50,0.00
DTP-20170816,2017-08-16,2017,4,14398781543011.79,5445902386051.67,19844683929063.46,-55778953.71,72.56,0.00
DTP-20170817,2017-08-17,2017,4,14393928425569.18,5451260034597.59,19845188460166.77,504531103.31,72.53,0.00
DTP-20170818,2017-08-18,2017,4,14394276377882.40,5450855569155.67,19845131947038.07,-56513128.70,72.53,0.00
DTP-20170821,2017-08-21,2017,4,14391211068090.47,5453751344613.15,19844962412703.62,-169534334.45,72.52,0.00
DTP-20170822,2017-08-22,2017,4,14385378835100.31,5459527064260.12,19844905899360.43,-56513343.19,72.49,0.00
DTP-20170823,2017-08-23,2017,4,14396462390129.16,5448386994538.20,19844849384667.36,-56514693.07,72.55,0.00
DTP-20170824,2017-08-24,2017,4,14398771600092.09,5446328767032.00,19845100367124.09,250982456.73,72.56,0.00
DTP-20170825,2017-08-25,2017,4,14397469719185.39,5447573984758.44,19845043703943.83,-56663180.26,72.55,0.00
DTP-20170828,2017-08-28,2017,4,14394393337425.27,5450480368395.16,19844873705820.43,-169998123.40,72.53,0.00
DTP-20170829,2017-08-29,2017,4,14388580918004.16,5456236119764.97,19844817037769.13,-56668051.30,72.51,0.00
DTP-20170830,2017-08-30,2017,4,14393272109801.02,5451488258564.91,19844760368365.93,-56669403.20,72.53,0.00
DTP-20170831,2017-08-31,2017,4,14381561995497.24,5462971446427.15,19844533441924.39,-226926441.54,72.47,0.00
DTP-20170901,2017-09-01,2017,4,14428250468926.45,5416371174602.17,19844621643528.62,88201604.23,72.71,-0.00
DTP-20170905,2017-09-05,2017,4,14418693678455.88,5425696570659.58,19844390249115.46,-231394413.16,72.66,0.00
DTP-20170906,2017-09-06,2017,4,14411300801153.53,5433031596205.00,19844332397358.53,-57851756.93,72.62,0.00
DTP-20170907,2017-09-07,2017,4,14410076163680.58,5434510797926.54,19844586961607.12,254564248.59,72.61,0.00
DTP-20170908,2017-09-08,2017,4,14622661213046.99,5539515584857.14,20162176797904.13,317589836297.01,72.53,0.00
DTP-20170911,2017-09-11,2017,4,14624241429758.93,5541451312230.98,20165692741989.91,3515944085.78,72.52,0.00
DTP-20170912,2017-09-12,2017,4,14624438900751.01,5549066963311.24,20173505864062.25,7813122072.34,72.49,0.00
DTP-20170913,2017-09-13,2017,4,14624323575931.90,5535685753745.91,20160009329677.81,-13496534384.44,72.54,0.00
DTP-20170914,2017-09-14,2017,4,14627258513577.20,5538208163557.51,20165466677134.71,5457347456.90,72.54,0.00
DTP-20170915,2017-09-15,2017,4,14611034425087.68,5542533460806.59,20153567885894.27,-11898791240.44,72.50,0.00
DTP-20170918,2017-09-18,2017,4,14611842621457.12,5548586373662.92,20160428995120.04,6861109225.77,72.48,0.00
DTP-20170919,2017-09-19,2017,4,14613433326528.05,5559770521150.39,20173203847678.44,12774852558.40,72.44,0.00
DTP-20170920,2017-09-20,2017,4,14615129910868.64,5549678200641.26,20164808111509.90,-8395736168.54,72.48,0.00
DTP-20170921,2017-09-21,2017,4,14628384646682.33,5551385212284.89,20179769858967.22,14961747457.32,72.49,0.00
DTP-20170922,2017-09-22,2017,4,14630331480226.74,5551652668735.00,20181984148961.74,2214289994.52,72.49,0.00
DTP-20170925,2017-09-25,2017,4,14630071008794.37,5560122316121.53,20190193324915.90,8209175954.16,72.46,0.00
DTP-20170926,2017-09-26,2017,4,14632474734832.72,5568253805415.55,20200728540248.27,10535215332.37,72.44,0.00
DTP-20170927,2017-09-27,2017,4,14632295977672.22,5556653461561.41,20188949439233.63,-11779101014.64,72.48,0.00
DTP-20170928,2017-09-28,2017,4,14649194898519.78,5554473955287.98,20203668853807.76,14719414574.13,72.51,-0.00
DTP-20170929,2017-09-29,2017,4,14673428663140.94,5571471352912.57,20244900016053.51,41231162245.75,72.48,-0.00
DTP-20171002,2017-10-02,2018,1,14679489825137.65,5668312511340.15,20347802336477.80,102902320424.29,72.14,0.00
DTP-20171003,2017-10-03,2018,1,14678605049125.80,5665146138982.01,20343751188107.81,-4051148369.99,72.15,0.00
DTP-20171004,2017-10-04,2018,1,14678619924422.85,5668028257215.06,20346648181637.91,2896993530.10,72.14,0.00
DTP-20171005,2017-10-05,2018,1,14699886899813.05,5671286502639.18,20371173402452.23,24525220814.32,72.16,0.00
DTP-20171006,2017-10-06,2018,1,14702051155625.84,5671180256537.12,20373231412162.96,2058009710.73,72.16,0.00
DTP-20171010,2017-10-10,2018,1,14702512422837.40,5680659058141.40,20383171480978.80,9940068815.84,72.13,0.00
DTP-20171011,2017-10-11,2018,1,14703235756668.05,5672261747242.54,20375497503910.59,-7673977068.21,72.16,0.00
DTP-20171012,2017-10-12,2018,1,14709162273815.65,5673016383243.91,20382178657059.56,6681153148.97,72.17,0.00
DTP-20171013,2017-10-13,2018,1,14709006397087.96,5675187625108.08,20384194022196.04,2015365136.48,72.16,0.00
DTP-20171016,2017-10-16,2018,1,14739245430435.61,5683726932678.68,20422972363114.29,38778340918.25,72.17,0.00
DTP-20171017,2017-10-17,2018,1,14739562952258.94,5693830747430.42,20433393699689.36,10421336575.07,72.13,0.00
DTP-20171018,2017-10-18,2018,1,14739697415648.19,5683673009700.70,20423370425348.89,-10023274340.47,72.17,0.00
DTP-20171019,2017-10-19,2018,1,14751485824572.24,5681930190411.20,20433416014983.44,10045589634.55,72.19,0.00
DTP-20171020,2017-10-20,2018,1,14751548923140.46,5680485341971.32,20432034265111.78,-1381749871.66,72.20,0.00
DTP-20171023,2017-10-23,2018,1,14751842197140.46,5683797149680.57,20435639346821.03,3605081709.25,72.19,0.00
DTP-20171024,2017-10-24,2018,1,14752220482289.41,5691234938952.10,20443455421241.51,7816074420.48,72.16,-0.00
DTP-20171025,2017-10-25,2018,1,14752404082815.06,5687282519243.60,20439686602058.66,-3768819182.85,72.18,0.00
DTP-20171026,2017-10-26,2018,1,14770807412108.47,5682437730684.15,20453245142792.62,13558540733.96,72.22,0.00
DTP-20171027,2017-10-27,2018,1,14771761981329.47,5682375506683.18,20454137488012.65,892345220.03,72.22,0.00
DTP-20171030,2017-10-30,2018,1,14772105054082.36,5681263828026.98,20453368882109.34,-768605903.31,72.22,0.00
DTP-20171031,2017-10-31,2018,1,14751446096800.09,5691027453089.30,20442473549889.39,-10895332219.95,72.16,0.00
DTP-20171101,2017-11-01,2018,1,14799846092284.06,5653441941354.77,20453288033638.83,10814483749.44,72.36,0.00
DTP-20171102,2017-11-02,2018,1,14821642013459.12,5663307574868.24,20484949588327.36,31661554688.53,72.35,0.00
DTP-20171103,2017-11-03,2018,1,14821576459075.11,5647433738272.85,20469010197347.96,-15939390979.40,72.41,0.00
DTP-20171106,2017-11-06,2018,1,14822172493990.24,5652677544564.30,20474850038554.54,5839841206.58,72.39,0.00
DTP-20171107,2017-11-07,2018,1,14823047871224.46,5659208033399.90,20482255904624.36,7405866069.82,72.37,0.00
DTP-20171108,2017-11-08,2018,1,14823147147125.58,5648908429793.13,20472055576918.71,-10200327705.65,72.41,0.00
DTP-20171109,2017-11-09,2018,1,14844966680594.30,5651125942218.23,20496092622812.53,24037045893.82,72.43,0.00
DTP-20171110,2017-11-10,2018,1,14844847254488.20,5622528410267.12,20467375664755.32,-28716958057.21,72.53,0.00
DTP-20171113,2017-11-13,2018,1,14845405544955.47,5652478409549.90,20497883954505.37,30508289750.05,72.42,0.00
DTP-20171114,2017-11-14,2018,1,14845581756782.57,5658004536525.80,20503586293308.37,5702338803.00,72.40,0.00
DTP-20171115,2017-11-15,2018,1,14860504463573.10,5646841219465.58,20507345683038.68,3759389730.31,72.46,0.00
DTP-20171116,2017-11-16,2018,1,14878274733915.74,5650935482753.11,20529210216668.85,21864533630.17,72.47,0.00
DTP-20171117,2017-11-17,2018,1,14879382020564.05,5654637342426.52,20534019362990.57,4809146321.72,72.46,0.00
DTP-20171120,2017-11-20,2018,1,14879996080226.06,5658367304749.70,20538363384975.76,4344021985.19,72.45,0.00
DTP-20171121,2017-11-21,2018,1,14881051281288.87,5665875273178.91,20546926554467.78,8563169492.02,72.42,0.00
DTP-20171122,2017-11-22,2018,1,14881227677647.08,5652152263158.39,20533379940805.47,-13546613662.31,72.47,0.00
DTP-20171124,2017-11-24,2018,1,14900676192116.56,5656602880573.99,20557279072690.55,23899131885.08,72.48,0.00
DTP-20171127,2017-11-27,2018,1,14901318823430.05,5662359743024.27,20563678566454.32,6399493763.77,72.46,0.00
DTP-20171128,2017-11-28,2018,1,14902207939416.99,5665729024781.07,20567936964198.06,4258397743.74,72.45,0.00
DTP-20171129,2017-11-29,2018,1,14902566209169.93,5661601162566.77,20564167371736.70,-3769592461.36,72.47,0.00
DTP-20171130,2017-11-30,2018,1,14918713237390.02,5671678704922.24,20590391942312.26,26224570575.56,72.45,-0.00
DTP-20171201,2017-12-01,2018,1,14914017544075.96,5617828676137.66,20531846220213.62,-58545722098.64,72.64,0.00
DTP-20171204,2017-12-04,2018,1,14914001967724.12,5626358389132.93,20540360356857.05,8514136643.43,72.61,-0.00
DTP-20171205,2017-12-05,2018,1,14913709643612.75,5632913935590.77,20546623579203.52,6263222346.47,72.58,0.00
DTP-20171206,2017-12-06,2018,1,14913765477253.30,5632676363419.12,20546441840672.42,-181738531.10,72.59,0.00
DTP-20171207,2017-12-07,2018,1,14905960878769.59,5635140632474.66,20541101511244.25,-5340329428.17,72.57,0.00
DTP-20171208,2017-12-08,2018,1,14864901290186.69,5627985905382.45,20492887195569.14,-48214315675.11,72.54,0.00
DTP-20171211,2017-12-11,2018,1,14864791729195.87,5627886010973.41,20492677740169.28,-209455399.86,72.54,0.00
DTP-20171212,2017-12-12,2018,1,14864589132682.79,5628018800183.84,20492607932866.63,-69807302.65,72.54,0.00
DTP-20171213,2017-12-13,2018,1,14865185323828.93,5622317179787.33,20487502503616.26,-5105429250.37,72.56,-0.00
DTP-20171214,2017-12-14,2018,1,14875266962033.88,5617682770178.48,20492949732212.36,5447228596.10,72.59,0.00
DTP-20171215,2017-12-15,2018,1,14876465319221.51,5616413400705.80,20492878719927.31,-71012285.05,72.59,0.00
DTP-20171218,2017-12-18,2018,1,14871115134574.13,5621550538825.78,20492665673399.91,-213046527.40,72.57,0.00
DTP-20171219,2017-12-19,2018,1,14859375221697.58,5633219355170.59,20492594576868.17,-71096531.74,72.51,0.00
DTP-20171220,2017-12-20,2018,1,14872404179962.78,5620119378124.77,20492523558087.55,-71018780.62,72.57,-0.00
DTP-20171221,2017-12-21,2018,1,14874300693417.93,5618646188698.41,20492946882116.34,423324028.79,72.58,0.00
DTP-20171222,2017-12-22,2018,1,14867653982349.78,5625220509932.80,20492874492282.58,-72389833.76,72.55,0.00
DTP-20171226,2017-12-26,2018,1,14861711360306.43,5630873550993.88,20492584911300.31,-289580982.27,72.52,0.00
DTP-20171227,2017-12-27,2018,1,14862808365456.60,5629704149394.40,20492512514851.00,-72396449.31,72.53,0.00
DTP-20171228,2017-12-28,2018,1,14868636178621.04,5624318395390.82,20492954574011.86,442059160.86,72.55,0.00
DTP-20171229,2017-12-29,2018,1,14814721127803.77,5678025418389.98,20492746546193.75,-208027818.11,72.29,0.00
DTP-20180102,2018-01-02,2018,2,14832791508804.58,5659807253056.03,20492598761860.61,-147784333.14,72.38,0.00
DTP-20180103,2018-01-03,2018,2,14830821875020.65,5661704170577.53,20492526045598.18,-72716262.43,72.37,0.00
DTP-20180104,2018-01-04,2018,2,14829337499091.95,5664033721346.64,20493371220438.59,845174840.41,72.36,0.00
DTP-20180105,2018-01-05,2018,2,14825245220953.68,5668050667851.27,20493295888804.95,-75331633.64,72.34,0.00
DTP-20180108,2018-01-08,2018,2,14822328754573.94,5670741125671.43,20493069880245.37,-226008559.58,72.33,-0.00
DTP-20180109,2018-01-09,2018,2,14814465039163.88,5678529504082.20,20492994543246.08,-75336999.29,72.29,0.00
DTP-20180110,2018-01-10,2018,2,14827221796500.48,5665697408373.98,20492919204874.46,-75338371.62,72.35,0.00
DTP-20180111,2018-01-11,2018,2,14825224222475.65,5668177352488.42,20493401574964.07,482370089.61,72.34,0.00
DTP-20180112,2018-01-12,2018,2,14825672834831.30,5667651702074.66,20493324536905.96,-77038058.11,72.34,0.00
DTP-20180116,2018-01-16,2018,2,14813999132114.82,5679017246299.30,20493016378414.12,-308158491.84,72.29,0.00
DTP-20180117,2018-01-17,2018,2,14812558278590.67,5680381041733.37,20492939320324.04,-77058090.08,72.28,0.00
DTP-20180118,2018-01-18,2018,2,14816444600791.45,5676976164528.54,20493420765319.99,481444995.95,72.30,0.00
DTP-20180119,2018-01-19,2018,2,14813369408285.16,5679973214593.47,20493342622878.63,-78142441.36,72.28,0.00
DTP-20180122,2018-01-22,2018,2,14810806301617.72,5682301843025.41,20493108144643.13,-234478235.50,72.27,0.00
DTP-20180123,2018-01-23,2018,2,14802828641713.67,5690201349911.09,20493029991624.76,-78153018.37,72.23,-0.00
DTP-20180124,2018-01-24,2018,2,14814662992793.42,5678288844421.64,20492951837215.06,-78154409.70,72.29,0.00
DTP-20180125,2018-01-25,2018,2,14805838434927.69,5687584988879.50,20493423423807.19,471586592.13,72.25,-0.00
DTP-20180126,2018-01-26,2018,2,14807511435613.17,5685832897576.38,20493344333189.55,-79090617.64,72.26,0.00
DTP-20180129,2018-01-29,2018,2,14806706033461.15,5686401012565.69,20493107046026.84,-237287162.71,72.25,0.00
DTP-20180130,2018-01-30,2018,2,14802029321616.22,5690998629808.00,20493027951424.22,-79094602.62,72.23,0.00
DTP-20180131,2018-01-31,2018,2,14803169732410.16,5690560189529.56,20493729921939.72,701970515.50,72.23,0.00
DTP-20180201,2018-02-01,2018,2,14836157468843.40,5658409421362.67,20494566890206.07,836968266.35,72.39,0.00
DTP-20180202,2018-02-02,2018,2,14840770479944.57,5653715965098.28,20494486445042.85,-80445163.22,72.41,0.00
DTP-20180205,2018-02-05,2018,2,14835522073981.73,5658723326602.59,20494245400584.32,-241044458.53,72.39,0.00
DTP-20180206,2018-02-06,2018,2,14828789437986.14,5665375613618.36,20494165051604.50,-80348979.82,72.36,0.00
DTP-20180207,2018-02-07,2018,2,14828998363221.32,5665086338007.41,20494084701228.73,-80350375.77,72.36,0.00
DTP-20180208,2018-02-08,2018,2,14824326747989.38,5670311228891.24,20494637976880.62,553275651.89,72.33,0.00
DTP-20180209,2018-02-09,2018,2,14981023162801.12,5688056245607.00,20669079408408.12,174441431527.50,72.48,-0.00
DTP-20180212,2018-02-12,2018,2,14982037239613.26,5691879130981.60,20673916370594.86,4836962186.74,72.47,0.00
DTP-20180213,2018-02-13,2018,2,14982497795737.89,5699328006707.53,20681825802445.42,7909431850.56,72.44,0.00
DTP-20180214,2018-02-14,2018,2,14984392864937.32,5685213436247.58,20669606301184.90,-12219501260.52,72.49,0.00
DTP-20180215,2018-02-15,2018,2,15018135646693.34,5692067963556.40,20710203610249.74,40597309064.84,72.52,0.00
DTP-20180216,2018-02-16,2018,2,15067669907305.63,5692488169025.05,20760158076330.68,49954466080.94,72.58,0.00
DTP-20180220,2018-02-20,2018,2,15068459260605.44,5701039199976.50,20769498460581.94,9340384251.26,72.55,-0.00
DTP-20180221,2018-02-21,2018,2,15068301864620.73,5695171799962.48,20763473664583.21,-6024795998.73,72.57,0.00
DTP-20180222,2018-02-22,2018,2,15110482929984.67,5694515695502.88,20804998625487.55,41524960904.34,72.63,0.00
DTP-20180223,2018-02-23,2018,2,15125266413158.17,5695598860950.92,20820865274109.09,15866648621.54,72.64,0.00
DTP-20180226,2018-02-26,2018,2,15126091134846.28,5702866621639.34,20828957756485.62,8092482376.53,72.62,-0.00
DTP-20180227,2018-02-27,2018,2,15127327928607.23,5710860989824.91,20838188918432.14,9231161946.52,72.59,0.00
DTP-20180228,2018-02-28,2018,2,15150589235512.83,5705082307393.12,20855671542905.95,17482624473.81,72.64,0.00
DTP-20180301,2018-03-01,2018,2,15206808829608.28,5667626699919.28,20874435529527.56,18763986621.61,72.85,0.00
DTP-20180302,2018-03-02,2018,2,15207675011661.06,5660051879093.52,20867726890754.58,-6708638772.98,72.88,0.00
DTP-20180305,2018-03-05,2018,2,15208405967711.00,5664350609850.62,20872756577561.62,5029686807.04,72.86,0.00
DTP-20180306,2018-03-06,2018,2,15208803986989.88,5670011108136.66,20878815095126.54,6058517564.92,72.84,0.00
DTP-20180307,2018-03-07,2018,2,15209278050307.27,5670590187614.76,20879868237922.03,1053142795.49,72.84,0.00
DTP-20180308,2018-03-08,2018,2,15282833768576.52,5674481063044.96,20957314831621.48,77446593699.45,72.92,0.00
DTP-20180309,2018-03-09,2018,2,15283143110463.34,5673893988809.08,20957037099272.42,-277732349.06,72.93,0.00
DTP-20180312,2018-03-12,2018,2,15284841397164.91,5677375619651.25,20962217016816.16,5179917543.74,72.92,0.00
DTP-20180313,2018-03-13,2018,2,15285267594523.09,5687542172962.25,20972809767485.34,10592750669.18,72.88,0.00
DTP-20180314,2018-03-14,2018,2,15285211732275.09,5673019203914.54,20958230936189.63,-14578831295.71,72.93,0.00
DTP-20180315,2018-03-15,2018,2,15356367776113.95,5674699228652.30,21031067004766.25,72836068576.62,73.02,0.00
DTP-20180316,2018-03-16,2018,2,15357470261453.12,5676639132641.65,21034109394094.77,3042389328.52,73.01,0.00
DTP-20180319,2018-03-19,2018,2,15358184981435.08,5686238385395.58,21044423366830.66,10313972735.89,72.98,0.00
DTP-20180320,2018-03-20,2018,2,15358774462932.23,5691634549786.49,21050409012718.72,5985645888.06,72.96,0.00
DTP-20180321,2018-03-21,2018,2,15359114729978.59,5673570403194.64,21032685133173.23,-17723879545.49,73.02,0.00
DTP-20180322,2018-03-22,2018,2,15389237897601.57,5675917956367.31,21065155853968.88,32470720795.65,73.06,0.00
DTP-20180323,2018-03-23,2018,2,15389677444847.01,5679233718867.99,21068911163715.00,3755309746.12,73.04,0.00
DTP-20180326,2018-03-26,2018,2,15390217086112.81,5687787209119.18,21078004295231.99,9093131516.99,73.02,0.00
DTP-20180327,2018-03-27,2018,2,15390843839115.40,5694165118957.03,21085008958072.43,7004662840.44,72.99,0.00
DTP-20180328,2018-03-28,2018,2,15391333188300.65,5679790793491.70,21071123981792.35,-13884976280.08,73.04,0.00
DTP-20180329,2018-03-29,2018,2,15428254601550.10,5685321954286.35,21113576555836.45,42452574044.10,73.07,0.00
DTP-20180330,2018-03-30,2018,2,15428010045518.83,5661632908677.02,21089642954195.85,-23933601640.60,73.15,0.00
DTP-20180402,2018-04-02,2018,3,15457245026801.38,5662183140332.94,21119428167134.32,29785212938.47,73.19,0.00
DTP-20180403,2018-04-03,2018,3,15458246704805.32,5658789858569.16,21117036563374.48,-2391603759.84,73.20,0.00
DTP-20180404,2018-04-04,2018,3,15458648483778.93,5659533194871.74,21118181678650.67,1145115276.19,73.20,0.00
DTP-20180405,2018-04-05,2018,3,15456579589403.90,5663936625228.62,21120516214632.52,2334535981.85,73.18,0.00
DTP-20180406,2018-04-06,2018,3,15456890388302.00,5663438099980.31,21120328488282.31,-187726350.21,73.18,0.00
DTP-20180409,2018-04-09,2018,3,15457541524162.47,5669433935050.19,21126975459212.66,6646970930.35,73.16,0.00
DTP-20180410,2018-04-10,2018,3,15457815316605.78,5676976268439.97,21134791585045.75,7816125833.09,73.14,0.00
DTP-20180411,2018-04-11,2018,3,15457761371722.06,5664072569725.80,21121833941447.86,-12957643597.89,73.18,0.00
DTP-20180412,2018-04-12,2018,3,15396109712391.53,5666372635184.52,21062482347576.05,-59351593871.81,73.10,-0.00
DTP-20180413,2018-04-13,2018,3,15396372854511.25,5667057298759.77,21063430153271.02,947805694.97,73.10,0.00
DTP-20180416,2018-04-16,2018,3,15382519365712.58,5688447055185.07,21070966420897.65,7536267626.63,73.00,0.00
DTP-20180417,2018-04-17,2018,3,15382829721962.65,5695471529022.77,21078301250985.42,7334830087.77,72.98,0.00
DTP-20180418,2018-04-18,2018,3,15383525794902.60,5696299827559.11,21079825622461.71,1524371476.29,72.98,0.00
DTP-20180419,2018-04-19,2018,3,15341717338928.25,5693773160133.77,21035490499062.02,-44335123399.69,72.93,0.00
DTP-20180420,2018-04-20,2018,3,15341934608555.27,5696754480733.25,21038689089288.52,3198590226.50,72.92,0.00
DTP-20180423,2018-04-23,2018,3,15341604906024.08,5701712833866.53,21043317739890.61,4628650602.09,72.90,0.00
DTP-20180424,2018-04-24,2018,3,15341956513722.33,5720437493776.82,21062394007499.15,19076267608.54,72.84,0.00
DTP-20180425,2018-04-25,2018,3,15343166694572.03,5716433407724.69,21059600102296.72,-2793905202.43,72.86,0.00
DTP-20180426,2018-04-26,2018,3,15335203460011.52,5720294834415.38,21055498294426.90,-4101807869.82,72.83,0.00
DTP-20180427,2018-04-27,2018,3,15335311552244.69,5718050545505.46,21053362097750.15,-2136196676.75,72.84,0.00
DTP-20180430,2018-04-30,2018,3,15335128360141.59,5733071837291.80,21068200197433.39,14838099683.24,72.79,0.00
DTP-20180501,2018-05-01,2018,3,15333841267986.47,5696788712069.50,21030629980055.97,-37570217377.42,72.91,0.00
DTP-20180502,2018-05-02,2018,3,15333904680989.11,5711424354482.74,21045329035471.85,14699055415.88,72.86,0.00
DTP-20180503,2018-05-03,2018,3,15331188299570.49,5702519425215.78,21033707724786.27,-11621310685.58,72.89,0.00
DTP-20180504,2018-05-04,2018,3,15331483065177.68,5706479844144.66,21037962909322.34,4255184536.07,72.88,0.00
DTP-20180507,2018-05-07,2018,3,15332140579833.99,5712026059742.74,21044166639576.73,6203730254.39,72.86,0.00
DTP-20180508,2018-05-08,2018,3,15333103857455.40,5721661636984.33,21054765494439.73,10598854863.00,72.82,0.00
DTP-20180509,2018-05-09,2018,3,15333538439277.22,5707470173475.17,21041008612752.39,-13756881687.34,72.87,0.00
DTP-20180510,2018-05-10,2018,3,15340545306320.27,5710277287581.36,21050822593901.63,9813981149.24,72.87,0.00
DTP-20180511,2018-05-11,2018,3,15340882566316.37,5709757145907.76,21050639712224.13,-182881677.50,72.88,0.00
DTP-20180514,2018-05-14,2018,3,15341597388589.64,5712735962991.53,21054333351581.17,3693639357.04,72.87,0.00
DTP-20180515,2018-05-15,2018,3,15365492662887.04,5720270601621.96,21085763264509.00,31429912927.83,72.87,0.00
DTP-20180516,2018-05-16,2018,3,15365901408525.02,5708072119140.02,21073973527665.04,-11789736843.96,72.91,0.00
DTP-20180517,2018-05-17,2018,3,15372037003890.66,5708874537411.15,21080911541301.81,6938013636.77,72.92,0.00
DTP-20180518,2018-05-18,2018,3,15372216324852.68,5708441246763.17,21080657571615.85,-253969685.96,72.92,0.00
DTP-20180521,2018-05-21,2018,3,15372445671093.83,5713499061614.02,21085944732707.85,5287161092.00,72.90,0.00
DTP-20180522,2018-05-22,2018,3,15372575574992.69,5722070807043.84,21094646382036.53,8701649328.68,72.87,0.00
DTP-20180523,2018-05-23,2018,3,15372610113506.17,5710350800710.97,21082960914217.14,-11685467819.39,72.91,0.00
DTP-20180524,2018-05-24,2018,3,15381628979338.11,5704894125365.33,21086523104703.44,3562190486.30,72.95,-0.00
DTP-20180525,2018-05-25,2018,3,15397587847773.78,5702559649133.35,21100147496907.13,13624392203.69,72.97,0.00
DTP-20180529,2018-05-29,2018,3,15398397888265.23,5704683341889.39,21103081230154.62,2933733247.49,72.97,0.00
DTP-20180530,2018-05-30,2018,3,15398772154071.18,5706944532937.24,21105716687008.42,2635456853.80,72.96,0.00
DTP-20180531,2018-05-31,2018,3,15426913434471.75,5718301751254.52,21145215185726.27,39498498717.85,72.96,0.00
DTP-20180601,2018-06-01,2018,3,15424755242677.00,5658346598413.82,21083101841090.82,-62113344635.45,73.16,0.00
DTP-20180604,2018-06-04,2018,3,15425286518774.78,5665501666265.12,21090788185039.90,7686343949.08,73.14,0.00
DTP-20180605,2018-06-05,2018,3,15425827743823.57,5675531809567.35,21101359553390.92,10571368351.02,73.10,0.00
DTP-20180606,2018-06-06,2018,3,15425885426743.22,5676467447251.19,21102352873994.41,993320603.49,73.10,0.00
DTP-20180607,2018-06-07,2018,3,15419090263839.35,5681014484078.07,21100104747917.42,-2248126076.99,73.08,0.00
DTP-20180608,2018-06-08,2018,3,15419575371855.33,5669544814167.62,21089120186022.95,-10984561894.47,73.12,0.00
DTP-20180611,2018-06-11,2018,3,15420109283609.04,5672830188653.26,21092939472262.30,3819286239.35,73.11,-0.00
DTP-20180612,2018-06-12,2018,3,15420381069951.78,5679108858740.45,21099489928692.23,6550456429.93,73.08,0.00
DTP-20180613,2018-06-13,2018,3,15420891746855.51,5665904981208.19,21086796728063.70,-12693200628.53,73.13,0.00
DTP-20180614,2018-06-14,2018,3,15411279777643.93,5669520691418.60,21080800469062.53,-5996259001.17,73.11,0.00
DTP-20180615,2018-06-15,2018,3,15452782944214.64,5671077059562.36,21123860003777.00,43059534714.47,73.15,0.00
DTP-20180618,2018-06-18,2018,3,15453290390614.64,5678261774507.02,21131552165121.66,7692161344.66,73.13,0.00
DTP-20180619,2018-06-19,2018,3,15453853338440.76,5691922910374.59,21145776248815.35,14224083693.69,73.08,0.00
DTP-20180620,2018-06-20,2018,3,15453996649404.43,5680214074001.41,21134210723405.84,-11565525409.51,73.12,0.00
DTP-20180621,2018-06-21,2018,3,15450298737509.93,5680505325344.89,21130804062854.82,-3406660551.02,73.12,0.00
DTP-20180622,2018-06-22,2018,3,15449506168261.43,5681094715584.76,21130600883846.19,-203179008.63,73.11,-0.00
DTP-20180625,2018-06-25,2018,3,15449788829355.28,5690264848112.51,21140053677467.79,9452793621.60,73.08,0.00
DTP-20180626,2018-06-26,2018,3,15450003820829.99,5699675666649.04,21149679487479.03,9625810011.24,73.05,0.00
DTP-20180627,2018-06-27,2018,3,15449872082325.55,5682594916023.15,21132466998348.70,-17212489130.33,73.11,0.00
DTP-20180628,2018-06-28,2018,3,15445344838811.38,5683654980609.91,21128999819421.29,-3467178927.41,73.10,0.00
DTP-20180629,2018-06-29,2018,3,15466564313316.59,5728505322006.22,21195069635322.81,66069815901.52,72.97,0.00
DTP-20180702,2018-07-02,2018,4,15478025973800.28,5728243860182.99,21206269833983.27,11200198660.46,72.99,0.00
DTP-20180703,2018-07-03,2018,4,15479809288773.33,5721136903063.24,21200946191836.57,-5323642146.70,73.01,0.00
DTP-20180705,2018-07-05,2018,4,15480335133615.97,5722437764873.09,21202772898489.06,1826706652.49,73.01,0.00
DTP-20180706,2018-07-06,2018,4,15480348690775.16,5725610554832.78,21205959245607.94,3186347118.88,73.00,0.00
DTP-20180709,2018-07-09,2018,4,15481266285833.27,5726852128390.25,21208118414223.52,2159168615.58,73.00,0.00
DTP-20180710,2018-07-10,2018,4,15481784545311.01,5734616605326.28,21216401150637.29,8282736413.77,72.97,0.00
DTP-20180711,2018-07-11,2018,4,15482229910418.34,5725570990542.90,21207800900961.24,-8600249676.05,73.00,0.00
DTP-20180712,2018-07-12,2018,4,15483825394034.71,5727347778794.19,21211173172828.90,3372271867.66,73.00,0.00
DTP-20180713,2018-07-13,2018,4,15484166924361.90,5726582785623.48,21210749709985.38,-423462843.52,73.00,0.00
DTP-20180716,2018-07-16,2018,4,15512046919636.02,5731325924435.80,21243372844071.82,32623134086.44,73.02,0.00
DTP-20180717,2018-07-17,2018,4,15512500347731.11,5742914138752.30,21255414486483.41,12041642411.59,72.98,0.00
DTP-20180718,2018-07-18,2018,4,15512748584872.01,5728115197216.94,21240863782088.95,-14550704394.46,73.03,0.00
DTP-20180719,2018-07-19,2018,4,15535663966290.66,5724334431804.26,21259998398094.92,19134616005.97,73.07,0.00
DTP-20180720,2018-07-20,2018,4,15535879115989.86,5724772734127.89,21260651850117.75,653452022.83,73.07,0.00
DTP-20180723,2018-07-23,2018,4,15536461354753.53,5727346589639.24,21263807944392.77,3156094275.02,73.07,0.00
DTP-20180724,2018-07-24,2018,4,15536640027940.81,5734607772599.20,21271247800540.01,7439856147.24,73.04,0.00
DTP-20180725,2018-07-25,2018,4,15538268632355.25,5727196452922.87,21265465085278.12,-5782715261.89,73.07,0.00
DTP-20180726,2018-07-26,2018,4,15565709540458.06,5732915973388.41,21298625513846.47,33160428568.35,73.08,0.00
DTP-20180727,2018-07-27,2018,4,15565835238260.36,5732694519900.03,21298529758160.39,-95755686.08,73.08,0.00
DTP-20180730,2018-07-30,2018,4,15566249059692.69,5733087840947.30,21299336900639.99,807142479.60,73.08,0.00
DTP-20180731,2018-07-31,2018,4,15569493125391.06,5743567934811.30,21313061060202.36,13724159562.37,73.05,0.00
DTP-20180801,2018-08-01,2018,4,15566616303580.77,5698227391541.11,21264843695121.88,-48217365080.48,73.20,0.00
DTP-20180802,2018-08-02,2018,4,15603785459719.54,5709496021253.16,21313281480972.70,48437785850.82,73.21,0.00
DTP-20180803,2018-08-03,2018,4,15603529858901.33,5696355162538.84,21299885021440.17,-13396459532.53,73.26,0.00
DTP-20180806,2018-08-06,2018,4,15603767379478.33,5701628977652.89,21305396357131.22,5511335691.05,73.24,0.00
DTP-20180807,2018-08-07,2018,4,15603813170007.85,5706122717053.15,21309935887061.00,4539529929.78,73.22,0.00
DTP-20180808,2018-08-08,2018,4,15604133297699.72,5694478354400.05,21298611652099.77,-11324234961.23,73.26,0.00
DTP-20180809,2018-08-09,2018,4,15645895970967.24,5696284467083.12,21342180438050.36,43568785950.59,73.31,0.00
DTP-20180810,2018-08-10,2018,4,15645938133938.85,5694367726774.41,21340305860713.26,-1874577337.10,73.32,-0.00
DTP-20180813,2018-08-13,2018,4,15647722916074.19,5697369600637.42,21345092516711.61,4786655998.35,73.31,0.00
DTP-20180814,2018-08-14,2018,4,15647844389253.73,5703725766420.23,21351570155673.96,6477638962.35,73.29,0.00
DTP-20180815,2018-08-15,2018,4,15673102568890.70,5699233293827.56,21372335862718.26,20765707044.30,73.33,-0.00
DTP-20180816,2018-08-16,2018,4,15709902523901.14,5697296400427.32,21407198924328.46,34863061610.20,73.39,0.00
DTP-20180817,2018-08-17,2018,4,15709394160830.51,5701987835087.16,21411381995917.67,4183071589.21,73.37,0.00
DTP-20180820,2018-08-20,2018,4,15709290599127.17,5704306134188.17,21413596733315.34,2214737397.67,73.36,0.00
DTP-20180821,2018-08-21,2018,4,15709668196755.19,5709821505658.07,21419489702413.26,5892969097.92,73.34,-0.00
DTP-20180822,2018-08-22,2018,4,15710916490774.11,5695852638495.16,21406769129269.27,-12720573143.99,73.39,0.00
DTP-20180823,2018-08-23,2018,4,15729790225795.17,5698174465587.02,21427964691382.19,21195562112.92,73.41,-0.00
DTP-20180824,2018-08-24,2018,4,15728711190338.12,5699204695745.74,21427915886083.86,-48805298.33,73.40,0.00
DTP-20180827,2018-08-27,2018,4,15728682728474.30,5705827067279.00,21434509795753.30,6593909669.44,73.38,0.00
DTP-20180828,2018-08-28,2018,4,15729416547573.57,5712361507279.67,21441778054853.24,7268259099.94,73.36,0.00
DTP-20180829,2018-08-29,2018,4,15729402444459.44,5710016523862.04,21439418968321.48,-2359086531.76,73.37,0.00
DTP-20180830,2018-08-30,2018,4,15733949377988.37,5708518277125.94,21442467655114.31,3048686792.83,73.38,0.00
DTP-20180831,2018-08-31,2018,4,15785389142392.19,5673460531712.84,21458849674105.03,16382018990.72,73.56,0.00
DTP-20180904,2018-09-04,2018,4,15784224420723.73,5671125323563.57,21455349744287.30,-3499929817.73,73.57,0.00
DTP-20180905,2018-09-05,2018,4,15784640443924.65,5686428122939.52,21471068566864.17,15718822576.87,73.52,0.00
DTP-20180906,2018-09-06,2018,4,15766687580863.66,5687902301488.44,21454589882352.10,-16478684512.07,73.49,0.00
DTP-20180907,2018-09-07,2018,4,15766469303541.80,5690013804721.04,21456483108262.84,1893225910.74,73.48,0.00
DTP-20180910,2018-09-10,2018,4,15766124319572.62,5693666077734.05,21459790397306.67,3307289043.83,73.47,-0.00
DTP-20180911,2018-09-11,2018,4,15765919908647.53,5700320315117.45,21466240223764.98,6449826458.31,73.45,0.00
DTP-20180912,2018-09-12,2018,4,15764643670319.71,5686133968197.90,21450777638517.61,-15462585247.37,73.49,0.00
DTP-20180913,2018-09-13,2018,4,15743158194716.41,5689384057393.04,21432542252109.45,-18235386408.16,73.45,0.00
DTP-20180914,2018-09-14,2018,4,15743000280989.59,5689243234570.09,21432243515559.68,-298736549.77,73.45,0.00
DTP-20180917,2018-09-17,2018,4,15791990035112.85,5698895661181.29,21490885696294.14,58642180734.46,73.48,0.00
DTP-20180918,2018-09-18,2018,4,15793118193325.11,5706053419004.12,21499171612329.23,8285916035.09,73.46,0.00
DTP-20180919,2018-09-19,2018,4,15793043986475.03,5701254995402.31,21494298981877.34,-4872630451.89,73.48,0.00
DTP-20180920,2018-09-20,2018,4,15760417329521.12,5707051193365.25,21467468522886.37,-26830458990.97,73.42,-0.00
DTP-20180921,2018-09-21,2018,4,15761069405045.17,5705666771089.29,21466736176134.46,-732346751.91,73.42,0.00
DTP-20180924,2018-09-24,2018,4,15761155977944.00,5714363456529.53,21475519434473.53,8783258339.07,73.39,0.00
DTP-20180925,2018-09-25,2018,4,15761483505663.41,5721291402230.08,21482774907893.49,7255473419.96,73.37,0.00
DTP-20180926,2018-09-26,2018,4,15761091412843.05,5709968280566.15,21471059693409.20,-11715214484.29,73.41,0.00
DTP-20180927,2018-09-27,2018,4,15732905321143.44,5698981813553.02,21431887134696.46,-39172558712.74,73.41,0.00
DTP-20180928,2018-09-28,2018,4,15761154524132.45,5754903659047.78,21516058183180.23,84171048483.77,73.25,0.00
DTP-20181001,2018-10-01,2019,1,15771323483176.73,5835624900369.55,21606948383546.28,90890200366.05,72.99,0.00
DTP-20181002,2018-10-02,2019,1,15771880350593.91,5846931706556.80,21618812057150.71,11863673604.43,72.95,0.00
DTP-20181003,2018-10-03,2019,1,15771616169602.68,5833747244866.48,21605363414469.16,-13448642681.55,73.00,0.00
DTP-20181004,2018-10-04,2019,1,15757097388254.30,5842279956828.06,21599377345082.36,-5986069386.80,72.95,0.00
DTP-20181005,2018-10-05,2019,1,15756716707940.54,5842576353846.43,21599293061786.97,-84283295.39,72.95,0.00
DTP-20181009,2018-10-09,2019,1,15756516575709.51,5845769340568.87,21602285916278.38,2992854491.41,72.94,0.00
DTP-20181010,2018-10-10,2019,1,15757049312093.23,5837389007208.42,21594438319301.65,-7847596976.73,72.97,0.00
DTP-20181011,2018-10-11,2019,1,15758217686596.07,5831795748131.32,21590013434727.39,-4424884574.26,72.99,0.00
DTP-20181012,2018-10-12,2019,1,15758680611978.07,5839260692904.07,21597941304882.14,7927870154.75,72.96,0.00
DTP-20181015,2018-10-15,2019,1,15808042797177.88,5846107612308.51,21654150409486.39,56209104604.25,73.00,0.00
DTP-20181016,2018-10-16,2019,1,15808169762613.25,5853547559836.20,21661717322449.45,7566912963.06,72.98,0.00
DTP-20181017,2018-10-17,2019,1,15809608630056.09,5844184431594.71,21653793061650.80,-7924260798.65,73.01,0.00
DTP-20181018,2018-10-18,2019,1,15825099760429.78,5847353829808.34,21672453590238.12,18660528587.32,73.02,-0.00
DTP-20181019,2018-10-19,2019,1,15825176112961.61,5846300361587.61,21671476474549.22,-977115688.90,73.02,0.00
DTP-20181022,2018-10-22,2019,1,15824963456613.58,5849720257012.41,21674683713625.99,3207239076.77,73.01,0.00
DTP-20181023,2018-10-23,2019,1,15825728864647.49,5856717723223.24,21682446587870.73,7762874244.74,72.99,0.00
DTP-20181024,2018-10-24,2019,1,15826071390358.14,5844990899654.66,21671062290012.80,-11384297857.93,73.03,0.00
DTP-20181025,2018-10-25,2019,1,15845223164100.09,5850526930991.36,21695750095091.45,24687805078.65,73.03,0.00
DTP-20181026,2018-10-26,2019,1,15845407035413.31,5849499890835.88,21694906926249.19,-843168842.26,73.04,0.00
DTP-20181029,2018-10-29,2019,1,15846152253420.64,5851350468661.91,21697502722082.55,2595795833.36,73.03,0.00
DTP-20181030,2018-10-30,2019,1,15846671798134.71,5853309587843.46,21699981385978.17,2478663895.62,73.03,0.00
DTP-20181031,2018-10-31,2019,1,15843329310589.99,5859040457584.48,21702369768174.47,2388382196.30,73.00,0.00
DTP-20181101,2018-11-01,2019,1,15863691547151.99,5820280105439.45,21683971652591.44,-18398115583.03,73.16,0.00
DTP-20181102,2018-11-02,2019,1,15864355924377.35,5812252839433.31,21676608763810.66,-7362888780.78,73.19,0.00
DTP-20181105,2018-11-05,2019,1,15864379390552.80,5817996327620.45,21682375718173.25,5766954362.59,73.17,0.00
DTP-20181106,2018-11-06,2019,1,15865072274285.08,5826173214723.53,21691245489008.61,8869770835.36,73.14,0.00
DTP-20181107,2018-11-07,2019,1,15864851666065.46,5825589031691.27,21690440697756.73,-804791251.88,73.14,0.00
DTP-20181108,2018-11-08,2019,1,15901257129970.64,5832168097757.82,21733425227728.46,42984529971.73,73.16,0.00
DTP-20181109,2018-11-09,2019,1,15901215846182.69,5831353804748.50,21732569650931.19,-855576797.27,73.17,-0.00
DTP-20181113,2018-11-13,2019,1,15901577706655.06,5832624123280.60,21734201829935.66,1632179004.47,73.16,0.00
DTP-20181114,2018-11-14,2019,1,15901856845481.50,5823856418198.49,21725713263679.99,-8488566255.67,73.19,0.00
DTP-20181115,2018-11-15,2019,1,15941677510341.56,5822138257458.65,21763815767800.21,38102504120.22,73.25,0.00
DTP-20181116,2018-11-16,2019,1,15941836964145.20,5824524700623.49,21766361664768.69,2545896968.48,73.24,-0.00
DTP-20181119,2018-11-19,2019,1,15940718638259.48,5831435516796.72,21772154155056.20,5792490287.51,73.22,0.00
DTP-20181120,2018-11-20,2019,1,15941577361994.05,5841124885868.07,21782702247862.12,10548092805.92,73.18,0.00
DTP-20181121,2018-11-21,2019,1,15941660193707.84,5827603723136.25,21769263916844.09,-13438331018.03,73.23,0.00
DTP-20181123,2018-11-23,2019,1,15966784379234.49,5836055343625.13,21802839722859.62,33575806015.53,73.23,0.00
DTP-20181126,2018-11-26,2019,1,15968041750406.23,5843354410215.70,21811396160621.93,8556437762.31,73.21,0.00
DTP-20181127,2018-11-27,2019,1,15968149960060.86,5848225629096.67,21816375589157.53,4979428535.60,73.19,0.00
DTP-20181128,2018-11-28,2019,1,15968009430662.41,5833914693914.43,21801924124576.84,-14451464580.69,73.24,0.00
DTP-20181129,2018-11-29,2019,1,15985401821876.93,5832701989813.54,21818103811690.47,16179687113.63,73.27,0.00
DTP-20181130,2018-11-30,2019,1,16044318195178.80,5805775685497.00,21850093880675.80,31990068985.33,73.43,0.00
DTP-20181203,2018-12-03,2019,1,16041954578605.09,5782142773704.89,21824097352309.98,-25996528365.82,73.51,0.00
DTP-20181204,2018-12-04,2019,1,16041645512514.40,5795041724457.65,21836687236972.05,12589884662.07,73.46,0.00
DTP-20181205,2018-12-05,2019,1,16041798103871.49,5797248111803.07,21839046215674.56,2358978702.51,73.45,0.00
DTP-20181206,2018-12-06,2019,1,16052954961410.62,5798564454065.13,21851519415475.75,12473199801.19,73.46,0.00
DTP-20181207,2018-12-07,2019,1,16053049927837.61,5797794919626.97,21850844847464.58,-674568011.17,73.47,0.00
DTP-20181210,2018-12-10,2019,1,16053118004057.20,5801178168483.74,21854296172540.94,3451325076.36,73.46,-0.00
DTP-20181211,2018-12-11,2019,1,16048689240641.00,5801055323217.24,21849744563858.24,-4551608682.70,73.45,0.00
DTP-20181212,2018-12-12,2019,1,16048945841724.76,5787710128983.28,21836655970708.04,-13088593150.20,73.50,0.00
DTP-20181213,2018-12-13,2019,1,16033637518538.32,5789456992167.26,21823094510705.58,-13561460002.46,73.47,0.00
DTP-20181214,2018-12-14,2019,1,16033761180548.83,5787175780927.83,21820936961476.66,-2157549228.92,73.48,0.00
DTP-20181217,2018-12-17,2019,1,16086439155714.33,5790235797428.34,21876674953142.67,55737991666.01,73.53,0.00
DTP-20181218,2018-12-18,2019,1,16082126126498.86,5803375363986.93,21885501490485.79,8826537343.12,73.48,0.00
DTP-20181219,2018-12-19,2019,1,16082361051525.41,5790833371639.04,21873194423164.45,-12307067321.34,73.53,0.00
DTP-20181220,2018-12-20,2019,1,16068046410932.01,5795588765792.11,21863635176724.12,-9559246440.33,73.49,0.00
DTP-20181221,2018-12-21,2019,1,16068448569055.12,5800495162521.55,21868943731576.67,5308554852.55,73.48,-0.00
DTP-20181224,2018-12-24,2019,1,16069486830335.69,5793054001259.10,21862540831594.79,-6402899981.88,73.50,0.00
DTP-20181226,2018-12-26,2019,1,16064377386179.82,5796938606292.18,21861315992472.00,-1224839122.79,73.48,0.00
DTP-20181227,2018-12-27,2019,1,16050098173366.26,5795230981045.75,21845329154412.01,-15986838059.99,73.47,-0.00
DTP-20181228,2018-12-28,2019,1,16068571327075.85,5798751311258.60,21867322638334.45,21993483922.44,73.48,0.00
DTP-20181231,2018-12-31,2019,1,16101666500481.68,5872429205308.87,21974095705790.55,106773067456.10,73.28,0.00
DTP-20190102,2019-01-02,2019,2,16099394138446.57,5844503368683.11,21943897507129.68,-30198198660.87,73.37,0.00
DTP-20190103,2019-01-03,2019,2,16089741562651.94,5839516484001.64,21929258046653.58,-14639460476.10,73.37,0.00
DTP-20190104,2019-01-04,2019,2,16089616354639.65,5842349844734.29,21931966199373.94,2708152720.36,73.36,0.00
DTP-20190107,2019-01-07,2019,2,16089278704356.53,5846199780170.58,21935478484527.11,3512285153.17,73.35,0.00
DTP-20190108,2019-01-08,2019,2,16089594108500.79,5851842771192.90,21941436879693.69,5958395166.58,73.33,-0.00
DTP-20190109,2019-01-09,2019,2,16090155376452.81,5840039205933.33,21930194582386.14,-11242297307.55,73.37,0.00
DTP-20190110,2019-01-10,2019,2,16075112310239.88,5842491571048.46,21917603881288.34,-12590701097.80,73.34,0.00
DTP-20190111,2019-01-11,2019,2,16074862934938.64,5842296376035.94,21917159310974.58,-444570313.76,73.34,0.00
DTP-20190114,2019-01-14,2019,2,16074286709142.08,5845707064414.69,21919993773556.77,2834462582.19,73.33,0.00
DTP-20190115,2019-01-15,2019,2,16108759021618.66,5861210551399.41,21969969573018.07,49975799461.30,73.32,0.00
DTP-20190116,2019-01-16,2019,2,16109322798991.54,5851088485956.61,21960411284948.15,-9558288069.92,73.36,0.00
DTP-20190117,2019-01-17,2019,2,16094254762729.43,5860517043390.98,21954771806120.41,-5639478827.74,73.31,0.00
DTP-20190118,2019-01-18,2019,2,16094081724231.95,5860817035053.41,21954898759285.36,126953164.95,73.31,0.00
DTP-20190122,2019-01-22,2019,2,16093082683296.82,5860077426781.43,21953160110078.25,-1738649207.11,73.31,0.00
DTP-20190123,2019-01-23,2019,2,16093085371606.53,5854710494886.25,21947795866492.78,-5364243585.47,73.32,0.00
DTP-20190124,2019-01-24,2019,2,16084129360530.97,5857129520571.72,21941258881102.69,-6536985390.09,73.31,0.00
DTP-20190125,2019-01-25,2019,2,16084126356100.47,5866123557308.03,21950249913408.50,8991032305.81,73.28,0.00
DTP-20190128,2019-01-28,2019,2,16083264131960.29,5871810659118.24,21955074791078.53,4824877670.03,73.26,0.00
DTP-20190129,2019-01-29,2019,2,16093235292273.68,5880095709149.02,21973331001422.70,18256210344.17,73.24,0.00
DTP-20190130,2019-01-30,2019,2,16093081796786.13,5875076031134.00,21968157827920.13,-5173173502.57,73.26,0.00
DTP-20190131,2019-01-31,2019,2,16101226791887.87,5881196244587.36,21982423036475.23,14265208555.10,73.25,0.00
DTP-20190201,2019-02-01,2019,2,16099195761574.90,5822434573331.30,21921630334906.20,-60792701569.03,73.44,0.00
DTP-20190204,2019-02-04,2019,2,16098401938654.84,5835089227949.93,21933491166604.77,11860831698.57,73.40,0.00
DTP-20190205,2019-02-05,2019,2,16113411511507.07,5843884218691.76,21957295730198.83,23804563594.06,73.39,0.00
DTP-20190206,2019-02-06,2019,2,16113385065287.29,5844175887814.16,21957560953101.45,265222902.62,73.38,0.00
DTP-20190207,2019-02-07,2019,2,16107965218290.06,5847096706640.66,21955061924930.72,-2499028170.73,73.37,0.00
DTP-20190208,2019-02-08,2019,2,16107884459309.53,5849822702988.05,21957707162297.58,2645237366.86,73.36,0.00
DTP-20190211,2019-02-11,2019,2,16157240020401.40,5855600871283.92,22012840891685.32,55133729387.74,73.40,0.00
DTP-20190212,2019-02-12,2019,2,16172213721069.82,5863554428390.07,22035768149459.89,22927257774.57,73.39,0.00
DTP-20190213,2019-02-13,2019,2,16171729243243.29,5848384016479.72,22020113259723.01,-15654889736.88,73.44,-0.00
DTP-20190214,2019-02-14,2019,2,16165843663662.34,5849764782834.93,22015608446497.27,-4504813225.74,73.43,0.00
DTP-20190215,2019-02-15,2019,2,16171035270138.29,5854512677340.08,22025547947478.37,9939500981.10,73.42,-0.00
DTP-20190219,2019-02-19,2019,2,16185653238798.50,5855013716281.97,22040666955080.47,15119007602.10,73.44,0.00
DTP-20190220,2019-02-20,2019,2,16186326651098.56,5853436546140.68,22039763197239.24,-903757841.23,73.44,0.00
DTP-20190221,2019-02-21,2019,2,16183759171869.69,5855530710756.18,22039289882625.87,-473314613.37,73.43,-0.00
DTP-20190222,2019-02-22,2019,2,16201577219408.92,5861980080191.24,22063557299600.16,24267416974.29,73.43,0.00
DTP-20190225,2019-02-25,2019,2,16200951332736.31,5866144631722.08,22067095964458.39,3538664858.23,73.42,0.00
DTP-20190226,2019-02-26,2019,2,16212363527329.47,5877596273592.53,22089959800922.00,22863836463.61,73.39,0.00
DTP-20190227,2019-02-27,2019,2,16211944636922.25,5862373231935.70,22074317868857.95,-15641932064.05,73.44,0.00
DTP-20190228,2019-02-28,2019,2,16250898044728.34,5864628400870.73,22115526445599.07,41208576741.12,73.48,0.00
DTP-20190301,2019-03-01,2019,2,16221749401198.23,5807196579103.42,22028945980301.65,-86580465297.42,73.64,0.00
DTP-20190304,2019-03-04,2019,2,16222052344948.56,5806394780703.67,22028447125652.23,-498854649.42,73.64,0.00
DTP-20190305,2019-03-05,2019,2,16222451778062.35,5806072770323.31,22028524548385.66,77422733.43,73.64,0.00
DTP-20190306,2019-03-06,2019,2,16222050679017.62,5806306520637.42,22028357199655.04,-167348730.62,73.64,0.00
DTP-20190307,2019-03-07,2019,2,16220220884752.42,5808830664250.45,22029051549002.87,694349347.83,73.63,0.00
DTP-20190308,2019-03-08,2019,2,16219553075496.25,5809328415043.10,22028881490539.35,-170058463.52,73.63,0.00
DTP-20190311,2019-03-11,2019,2,16215316709386.78,5813054596422.66,22028371305809.44,-510184729.91,73.61,-0.00
DTP-20190312,2019-03-12,2019,2,16203831827627.46,5824612305801.74,22028444133429.20,72827619.76,73.56,0.00
DTP-20190313,2019-03-13,2019,2,16219378552868.28,5808894478771.97,22028273031640.25,-171101788.95,73.63,0.00
DTP-20190314,2019-03-14,2019,2,16217120166414.15,5811757648918.34,22028877815332.49,604783692.24,73.62,0.00
DTP-20190315,2019-03-15,2019,2,16218563037553.50,5810143025621.46,22028706063174.96,-171752157.53,73.62,0.00
DTP-20190318,2019-03-18,2019,2,16213853688297.72,5814337115187.22,22028190803484.94,-515259690.02,73.61,0.00
DTP-20190319,2019-03-19,2019,2,16201738970858.32,5826523669114.61,22028262639972.93,71836487.99,73.55,0.00
DTP-20190320,2019-03-20,2019,2,16216193637711.23,5811896174465.11,22028089812176.34,-172827796.59,73.62,0.00
DTP-20190321,2019-03-21,2019,2,16212163556778.11,5816528826554.99,22028692383333.10,602571156.76,73.60,0.00
DTP-20190322,2019-03-22,2019,2,16211811079841.81,5816707848045.06,22028518927886.87,-173455446.23,73.59,0.00
DTP-20190325,2019-03-25,2019,2,16198798980110.57,5829199563414.67,22027998543525.24,-520384361.63,73.54,0.00
DTP-20190326,2019-03-26,2019,2,16192696863788.91,5835375238562.29,22028072102351.20,73558825.96,73.51,0.00
DTP-20190327,2019-03-27,2019,2,16208783119587.78,5819114675789.64,22027897795377.42,-174306973.78,73.58,-0.00
DTP-20190328,2019-03-28,2019,2,16241176637435.61,5787935843306.27,22029112480741.88,1214685364.46,73.73,0.00
DTP-20190329,2019-03-29,2019,2,16204392002372.97,5823488154655.02,22027880157027.99,-1232323713.89,73.56,0.00
DTP-20190401,2019-04-01,2019,3,16230093228645.41,5797611759079.08,22027704987724.49,-175169303.50,73.68,0.00
DTP-20190402,2019-04-02,2019,3,16228710267266.42,5798868841666.12,22027579108932.54,-125878791.95,73.67,0.00
DTP-20190404,2019-04-04,2019,3,16225463575610.86,5802684085978.93,22028147661589.79,568552657.25,73.66,0.00
DTP-20190405,2019-04-05,2019,3,16224242279839.62,5803730733142.72,22027973012982.34,-174648607.45,73.65,0.00
DTP-20190408,2019-04-08,2019,3,16217448195590.20,5810000938800.53,22027449134390.73,-523878591.61,73.62,0.00
DTP-20190409,2019-04-09,2019,3,16209945774334.55,5817551224701.05,22027496999035.60,47864644.87,73.59,0.00
DTP-20190410,2019-04-10,2019,3,16224285153442.49,5803037907346.54,22027323060789.03,-173938246.57,73.66,0.00
DTP-20190411,2019-04-11,2019,3,16220451062975.04,5807386064813.00,22027837127788.04,514066999.01,73.64,0.00
DTP-20190412,2019-04-12,2019,3,16219233320909.82,5808431620869.03,22027664941778.85,-172186009.19,73.63,0.00
DTP-20190415,2019-04-15,2019,3,16198884759922.81,5828263617180.70,22027148377103.51,-516564675.34,73.54,0.00
DTP-20190416,2019-04-16,2019,3,16187884775531.92,5839313109641.44,22027197885173.36,49508069.85,73.49,0.00
DTP-20190417,2019-04-17,2019,3,16194644834727.50,5832381640520.90,22027026475248.40,-171409924.96,73.52,0.00
DTP-20190418,2019-04-18,2019,3,16187505143961.04,5840037528809.59,22027542672770.63,516197522.23,73.49,0.00
DTP-20190419,2019-04-19,2019,3,16185899632704.08,5841473696350.39,22027373329054.47,-169343716.16,73.48,0.00
DTP-20190422,2019-04-22,2019,3,16179171534606.47,5847693757511.28,22026865292117.75,-508036936.72,73.45,0.00
DTP-20190423,2019-04-23,2019,3,16164505978676.74,5862413424776.40,22026919403453.14,54111335.39,73.39,0.00
DTP-20190424,2019-04-24,2019,3,16169442413839.39,5857308431792.72,22026750845632.11,-168557821.03,73.41,0.00
DTP-20190425,2019-04-25,2019,3,16168871716889.89,5859022662346.15,22027894379236.04,1143533603.93,73.40,0.00
DTP-20190426,2019-04-26,2019,3,16168424448179.69,5859301454430.21,22027725902609.90,-168476626.14,73.40,0.00
DTP-20190429,2019-04-29,2019,3,16167603157398.99,5859617354178.99,22027220511577.98,-505391031.92,73.40,0.00
DTP-20190430,2019-04-30,2019,3,16192789476576.03,5834878723443.44,22027668200019.47,447688441.49,73.51,0.00
DTP-20190501,2019-05-01,2019,3,16200427108406.33,5827072664090.24,22027499772496.57,-168427522.90,73.55,0.00
DTP-20190502,2019-05-02,2019,3,16184529368527.07,5843472921623.80,22028002290150.87,502517654.30,73.47,0.00
DTP-20190503,2019-05-03,2019,3,16197140195969.10,5830694074178.06,22027834270147.16,-168020003.71,73.53,0.00
DTP-20190506,2019-05-06,2019,3,16187342733017.79,5839987516696.74,22027330249714.53,-504020432.63,73.49,0.00
DTP-20190507,2019-05-07,2019,3,16179686204183.90,5847748128768.35,22027434332952.25,104083237.72,73.45,0.00
DTP-20190508,2019-05-08,2019,3,16192135944859.75,5835129055577.33,22027265000437.08,-169332515.17,73.51,0.00
DTP-20190509,2019-05-09,2019,3,16189383305579.42,5838380187113.75,22027763492693.17,498492256.09,73.50,0.00
DTP-20190510,2019-05-10,2019,3,16190147557701.02,5837447220802.70,22027594778503.72,-168714189.45,73.50,0.00
DTP-20190513,2019-05-13,2019,3,16186329486594.77,5840759317165.41,22027088803760.18,-505974743.54,73.48,0.00
DTP-20190514,2019-05-14,2019,3,16180902605342.64,5846239872445.44,22027142477788.08,53674027.90,73.46,0.00
DTP-20190515,2019-05-15,2019,3,16194202614005.68,5832771222639.87,22026973836645.55,-168641142.53,73.52,0.00
DTP-20190516,2019-05-16,2019,3,16190629626492.13,5836836546810.53,22027466173302.66,492336657.11,73.50,0.00
DTP-20190517,2019-05-17,2019,3,16187191251086.57,5840107030355.73,22027298281442.30,-167891860.36,73.49,0.00
DTP-20190520,2019-05-20,2019,3,16183132491559.86,5843662116218.92,22026794607778.78,-503673663.52,73.47,0.00
DTP-20190521,2019-05-21,2019,3,16175713760497.24,5851133137848.20,22026846898345.44,52290566.66,73.44,0.00
DTP-20190522,2019-05-22,2019,3,16190381946850.90,5836297169401.24,22026679116252.14,-167782093.30,73.50,0.00
DTP-20190523,2019-05-23,2019,3,16193863476376.73,5833885590506.99,22027749066883.72,1069950631.58,73.52,0.00
DTP-20190524,2019-05-24,2019,3,16189012209342.99,5838569833941.15,22027582043284.14,-167023599.58,73.49,0.00
DTP-20190528,2019-05-28,2019,3,16187508622132.60,5839613926131.66,22027122548264.26,-459495019.88,73.49,-0.00
DTP-20190529,2019-05-29,2019,3,16181758266402.76,5845197721726.15,22026955988128.91,-166560135.35,73.46,0.00
DTP-20190530,2019-05-30,2019,3,16167856716338.72,5859567398479.88,22027424114818.60,468126689.69,73.40,0.00
DTP-20190531,2019-05-31,2019,3,16202282783139.21,5824141099887.17,22026423883026.38,-1000231792.22,73.56,0.00
DTP-20190603,2019-06-03,2019,3,16221746854694.83,5804180458267.31,22025927312962.14,-496570064.24,73.65,0.00
DTP-20190604,2019-06-04,2019,3,16207390709226.90,5818570434408.40,22025961143635.30,33830673.16,73.58,0.00
DTP-20190605,2019-06-05,2019,3,16202012743134.63,5823783660661.80,22025796403796.43,-164739838.87,73.56,0.00
DTP-20190606,2019-06-06,2019,3,16197469983785.98,5828781466949.54,22026251450735.52,455046939.09,73.54,0.00
DTP-20190607,2019-06-07,2019,3,16197828793373.27,5828259068836.87,22026087862210.14,-163588525.38,73.54,0.00
DTP-20190610,2019-06-10,2019,3,16183754388627.01,5841842695410.72,22025597084037.73,-490778172.41,73.48,0.00
DTP-20190611,2019-06-11,2019,3,16176744322503.20,5848885651180.75,22025629973683.95,32889646.22,73.45,0.00
DTP-20190612,2019-06-12,2019,3,16190248759467.87,5835218455854.46,22025467215322.33,-162758361.62,73.51,0.00
DTP-20190613,2019-06-13,2019,3,16187556532343.61,5838341270580.65,22025897802924.26,430587601.93,73.49,-0.00
DTP-20190614,2019-06-14,2019,3,16190456188443.50,5835281478783.83,22025737667227.33,-160135696.93,73.51,0.00
DTP-20190617,2019-06-17,2019,3,16180966057902.25,5844291207322.51,22025257265224.76,-480402002.57,73.47,-0.00
DTP-20190618,2019-06-18,2019,3,16160487041534.78,5864798674588.88,22025285716123.66,28450898.90,73.37,0.00
DTP-20190619,2019-06-19,2019,3,16173315959062.76,5851810625018.78,22025126584081.54,-159132042.12,73.43,0.00
DTP-20190620,2019-06-20,2019,3,16168931623578.88,5857142735850.78,22026074359429.66,947775348.12,73.41,0.00
DTP-20190621,2019-06-21,2019,3,16167072340355.94,5858844464905.89,22025916805261.83,-157554167.83,73.40,0.00
DTP-20190624,2019-06-24,2019,3,16157310707044.81,5868133511846.05,22025444218890.86,-472586370.97,73.36,0.00
DTP-20190625,2019-06-25,2019,3,16149758194167.03,5875709683100.23,22025467877267.26,23658376.40,73.32,-0.00
DTP-20190626,2019-06-26,2019,3,16161695584055.50,5863615570230.28,22025311154285.78,-156722981.48,73.38,0.00
DTP-20190627,2019-06-27,2019,3,16161668692617.82,5864044932103.36,22025713624721.18,402470435.40,73.38,0.00
DTP-20190628,2019-06-28,2019,3,16188422046434.70,5834860570640.75,22023282617075.45,-2431007645.73,73.51,0.00
DTP-20190701,2019-07-01,2019,4,16214109444748.58,5809018012280.83,22023127457029.41,-155160046.04,73.62,0.00
DTP-20190702,2019-07-02,2019,4,16200812642668.62,5822341814429.95,22023154457098.57,27000069.16,73.56,0.00
DTP-20190703,2019-07-03,2019,4,16215942933610.33,5807056832578.34,22022999766188.67,-154690909.90,73.63,0.00
DTP-20190705,2019-07-05,2019,4,16212103315525.56,5811149362631.44,22023252678157.00,252911968.33,73.61,0.00
DTP-20190708,2019-07-08,2019,4,16210038956949.00,5812753522918.40,22022792479867.40,-460198289.60,73.61,0.00
DTP-20190709,2019-07-09,2019,4,16202451595716.18,5820373558108.86,22022825153825.04,32673957.64,73.57,0.00
DTP-20190710,2019-07-10,2019,4,16219942298799.06,5802729757222.77,22022672056021.83,-153097803.21,73.65,0.00
DTP-20190711,2019-07-11,2019,4,16217448073568.61,5805649646512.37,22023097720080.98,425664059.15,73.64,0.00
DTP-20190712,2019-07-12,2019,4,16217849671906.63,5805095892394.49,22022945564301.12,-152155779.86,73.64,0.00
DTP-20190715,2019-07-15,2019,4,16212102245454.95,5810386911863.48,22022489157318.43,-456406982.69,73.62,0.00
DTP-20190716,2019-07-16,2019,4,16204897156844.02,5817613970576.25,22022511127420.27,21970101.84,73.58,0.00
DTP-20190717,2019-07-17,2019,4,16215855259886.28,5806504356409.14,22022359616295.42,-151511124.85,73.63,-0.00
DTP-20190718,2019-07-18,2019,4,16215671269416.63,5807598366247.76,22023269635664.39,910019368.97,73.63,0.00
DTP-20190719,2019-07-19,2019,4,16214945885223.52,5808173647899.91,22023119533123.43,-150102540.96,73.63,0.00
DTP-20190722,2019-07-22,2019,4,16211001269249.60,5811667934479.73,22022669203729.33,-450329394.10,73.61,0.00
DTP-20190723,2019-07-23,2019,4,16203882611569.88,5818808801130.86,22022691412700.74,22208971.41,73.58,0.00
DTP-20190724,2019-07-24,2019,4,16216591266625.73,5805950589892.69,22022541856518.42,-149556182.32,73.64,0.00
DTP-20190725,2019-07-25,2019,4,16217519900097.02,5805423874973.35,22022943775070.37,401918551.95,73.64,-0.00
DTP-20190726,2019-07-26,2019,4,16219771618812.24,5803023993840.25,22022795612652.49,-148162417.88,73.65,0.00
DTP-20190729,2019-07-29,2019,4,16216569720218.09,5805781410365.54,22022351130583.63,-444482068.86,73.64,0.00
DTP-20190730,2019-07-30,2019,4,16213518723570.69,5808858171140.43,22022376894711.12,25764127.49,73.62,-0.00
DTP-20190731,2019-07-31,2019,4,16211185016302.46,5811183838560.73,22022368854863.19,-8039847.93,73.61,0.00
DTP-20190801,2019-08-01,2019,4,16246630031126.64,5776149901351.34,22022779932477.98,411077614.79,73.77,0.00
DTP-20190802,2019-08-02,2019,4,16440631717429.67,5873668819348.70,22314300536778.37,291520604300.39,73.68,0.00
DTP-20190805,2019-08-05,2019,4,16442053458094.56,5878931572230.99,22320985030325.55,6684493547.18,73.66,0.00
DTP-20190806,2019-08-06,2019,4,16437554826884.24,5884859028395.94,22322413855280.18,1428824954.63,73.64,0.00
DTP-20190807,2019-08-07,2019,4,16437000073896.91,5884542144242.92,22321542218139.83,-871637140.35,73.64,0.00
DTP-20190808,2019-08-08,2019,4,16437453559652.55,5890434584107.11,22327888143759.66,6345925619.83,73.62,0.00
DTP-20190809,2019-08-09,2019,4,16437180615134.39,5889326114688.02,22326506729822.41,-1381413937.25,73.62,0.00
DTP-20190812,2019-08-12,2019,4,16437389559832.95,5893944213740.24,22331333773573.19,4827043750.78,73.61,-0.00
DTP-20190813,2019-08-13,2019,4,16457659378734.62,5901670806329.84,22359330185064.46,27996411491.27,73.61,0.00
DTP-20190814,2019-08-14,2019,4,16457201444193.17,5884939342927.15,22342140787120.32,-17189397944.14,73.66,0.00
DTP-20190815,2019-08-15,2019,4,16491484413957.12,5893902815015.32,22385387228972.44,43246441852.12,73.67,-0.00
DTP-20190816,2019-08-16,2019,4,16491441952619.57,5898117590316.17,22389559542935.74,4172313963.30,73.66,0.00
DTP-20190819,2019-08-19,2019,4,16491489964515.03,5904855044396.22,22396345008911.25,6785465975.51,73.63,0.00
DTP-20190820,2019-08-20,2019,4,16516850759018.38,5911150932691.49,22428001691709.87,31656682798.62,73.64,0.00
DTP-20190821,2019-08-21,2019,4,16517891095886.52,5896707033785.18,22414598129671.70,-13403562038.17,73.69,0.00
DTP-20190822,2019-08-22,2019,4,16531722730938.48,5898929478643.22,22430652209581.70,16054079910.00,73.70,0.00
DTP-20190823,2019-08-23,2019,4,16531957992826.06,5898849796436.07,22430807789262.13,155579680.43,73.70,0.00
DTP-20190826,2019-08-26,2019,4,16532087064372.55,5908695551502.37,22440782615874.92,9974826612.79,73.67,0.00
DTP-20190827,2019-08-27,2019,4,16557143867682.79,5915216929647.01,22472360797329.80,31578181454.88,73.68,-0.00
DTP-20190828,2019-08-28,2019,4,16557511279372.44,5899321659743.80,22456832939116.24,-15527858213.56,73.73,0.00
DTP-20190829,2019-08-29,2019,4,16570396844388.86,5897398287062.78,22467795131451.64,10962192335.40,73.75,0.00
DTP-20190830,2019-08-30,2019,4,16596815590260.74,5863651035691.63,22460466625952.37,-7328505499.27,73.89,0.00
DTP-20190903,2019-09-03,2019,4,16660283553124.11,5838744577047.17,22499028130171.28,38561504218.91,74.05,0.00
DTP-20190904,2019-09-04,2019,4,16660540698787.36,5856757256851.82,22517297955639.18,18269825467.90,73.99,0.00
DTP-20190905,2019-09-05,2019,4,16673309581043.19,5858508112262.47,22531817693305.66,14519737666.48,74.00,0.00
DTP-20190906,2019-09-06,2019,4,16673414549532.49,5859342950058.90,22532757499591.39,939806285.73,74.00,0.00
DTP-20190909,2019-09-09,2019,4,16673859575567.61,5863564140898.54,22537423716466.15,4666216874.76,73.98,0.00
DTP-20190910,2019-09-10,2019,4,16684840342310.58,5873300820413.09,22558141162723.67,20717446257.52,73.96,0.00
DTP-20190911,2019-09-11,2019,4,16684921432102.41,5854585281943.03,22539506714045.44,-18634448678.23,74.03,0.00
DTP-20190912,2019-09-12,2019,4,16700408677824.67,5857372423633.72,22557781101458.39,18274387412.95,74.03,0.00
DTP-20190913,2019-09-13,2019,4,16700774934516.88,5856796600797.21,22557571535314.09,-209566144.30,74.04,0.00
DTP-20190916,2019-09-16,2019,4,16720462392608.28,5865819265211.05,22586281657819.33,28710122505.24,74.03,0.00
DTP-20190917,2019-09-17,2019,4,16722768994867.96,5880173650003.53,22602942644871.49,16660987052.16,73.98,0.00
DTP-20190918,2019-09-18,2019,4,16723191497980.95,5866972972384.96,22590164470365.91,-12778174505.58,74.03,0.00
DTP-20190919,2019-09-19,2019,4,16736457737524.45,5873738860512.22,22610196598036.67,20032127670.76,74.02,-0.00
DTP-20190920,2019-09-20,2019,4,16736741800799.41,5868891158865.73,22605632959665.14,-4563638371.53,74.04,0.00
DTP-20190923,2019-09-23,2019,4,16737256715576.25,5873197137817.31,22610453853393.56,4820893728.42,74.02,0.00
DTP-20190924,2019-09-24,2019,4,16733330036854.81,5889440653147.18,22622770690001.99,12316836608.43,73.97,0.00
DTP-20190925,2019-09-25,2019,4,16733463541338.65,5873964828449.99,22607428369788.64,-15342320213.35,74.02,0.00
DTP-20190926,2019-09-26,2019,4,16746339300499.33,5863618318308.81,22609957618808.14,2529249019.50,74.07,0.00
DTP-20190927,2019-09-27,2019,4,16764390251004.74,5858294423359.69,22622684674364.43,12727055556.29,74.10,0.00
DTP-20190930,2019-09-30,2019,4,16809092325171.80,5910309428261.98,22719401753433.78,96717079069.35,73.99,0.00
DTP-20191001,2019-10-01,2020,1,16803227280467.93,5995252461853.99,22798479742321.92,79077988888.14,73.70,0.00
DTP-20191002,2019-10-02,2020,1,16804268345666.79,6023266654862.86,22827535000529.65,29055258207.73,73.61,0.00
DTP-20191003,2019-10-03,2020,1,16818109419010.97,6011346270897.65,22829455689908.62,1920689378.97,73.67,0.00
DTP-20191004,2019-10-04,2020,1,16817669845663.51,6016759920537.53,22834429766201.04,4974076292.42,73.65,0.00
DTP-20191007,2019-10-07,2020,1,16817661721629.09,6019243405860.13,22836905127489.22,2475361288.18,73.64,0.00
DTP-20191008,2019-10-08,2020,1,16808699625202.65,6030653462949.63,22839353088152.28,2447960663.06,73.60,0.00
DTP-20191009,2019-10-09,2020,1,16808686016948.99,6015172713100.54,22823858730049.53,-15494358102.75,73.65,0.00
DTP-20191010,2019-10-10,2020,1,16825548997915.93,6017200112254.66,22842749110170.59,18890380121.06,73.66,0.00
DTP-20191011,2019-10-11,2020,1,16825472625533.73,6018144955819.91,22843617581353.64,868471183.05,73.66,0.00
DTP-20191015,2019-10-15,2020,1,16875489754055.11,6027399269024.16,22902889023079.27,59271441725.63,73.68,0.00
DTP-20191016,2019-10-16,2020,1,16876992286322.34,6020820684906.52,22897812971228.86,-5076051850.41,73.71,0.00
DTP-20191017,2019-10-17,2020,1,16893171764066.81,6025622998409.33,22918794762476.14,20981791247.28,73.71,0.00
DTP-20191018,2019-10-18,2020,1,16893139099180.82,6025754302156.40,22918893401337.22,98638861.08,73.71,0.00
DTP-20191021,2019-10-21,2020,1,16892961507239.77,6029492968085.73,22922454475325.50,3561073988.28,73.70,0.00
DTP-20191022,2019-10-22,2020,1,16903297018125.32,6037642187202.68,22940939205328.00,18484730002.50,73.68,0.00
DTP-20191023,2019-10-23,2020,1,16904659048361.14,6021943176226.26,22926602224587.40,-14336980740.60,73.73,0.00
DTP-20191024,2019-10-24,2020,1,16919308704863.87,6023850983912.06,22943159688775.93,16557464188.53,73.74,0.00
DTP-20191025,2019-10-25,2020,1,16919260555240.92,6029651416225.56,22948911971466.48,5752282690.55,73.73,0.00
DTP-20191028,2019-10-28,2020,1,16919472433392.30,6031065866467.41,22950538299859.71,1626328393.23,73.72,0.00
DTP-20191029,2019-10-29,2020,1,16930793643091.26,6035526247495.21,22966319890586.47,15781590726.76,73.72,0.00
DTP-20191030,2019-10-30,2020,1,16931770448757.39,6031456037850.99,22963226486608.38,-3093403978.09,73.73,0.00
DTP-20191031,2019-10-31,2020,1,16981310915367.49,6027098649127.50,23008409564494.99,45183077886.61,73.80,0.00
DTP-20191101,2019-11-01,2020,1,16979126135934.57,5974098108084.30,22953224244018.87,-55185320476.12,73.97,0.00
DTP-20191104,2019-11-04,2020,1,16979202987130.20,5986504946835.32,22965707933965.52,12483689946.65,73.93,0.00
DTP-20191105,2019-11-05,2020,1,16990131413110.42,5995884119195.93,22986015532306.35,20307598340.83,73.92,0.00
DTP-20191106,2019-11-06,2020,1,16990346243791.22,5995487779019.95,22985834022811.17,-181509495.18,73.92,0.00
DTP-20191107,2019-11-07,2020,1,17004656452724.54,5999366480734.91,23004022933459.45,18188910648.28,73.92,0.00
DTP-20191108,2019-11-08,2020,1,17004584006573.19,6001752127491.23,23006336134064.42,2313200604.97,73.91,0.00
DTP-20191112,2019-11-12,2020,1,17009766613761.61,6005323130329.02,23015089744090.63,8753610026.21,73.91,0.00
DTP-20191113,2019-11-13,2020,1,17009935889179.38,5994921865367.88,23004857754547.26,-10231989543.37,73.94,0.00
DTP-20191114,2019-11-14,2020,1,17022143220211.93,5994520407447.45,23016663627659.38,11805873112.12,73.96,0.00
DTP-20191115,2019-11-15,2020,1,17045105021855.79,5998577053060.12,23043682074915.91,27018447256.53,73.97,0.00
DTP-20191118,2019-11-18,2020,1,17045852074072.08,6004928791951.75,23050780866023.83,7098791107.92,73.95,0.00
DTP-20191119,2019-11-19,2020,1,17048355480877.07,6017821390918.82,23066176871795.89,15396005772.06,73.91,0.00
DTP-20191120,2019-11-20,2020,1,17050292172908.28,6003128250600.77,23053420423509.05,-12756448286.84,73.96,-0.00
DTP-20191121,2019-11-21,2020,1,17059142871902.76,5992105240170.92,23051248112073.68,-2172311435.37,74.01,0.00
DTP-20191122,2019-11-22,2020,1,17059820593055.93,6012021561108.74,23071842154164.67,20594042090.99,73.94,0.00
DTP-20191125,2019-11-25,2020,1,17060306138874.47,6012424356441.07,23072730495315.54,888341150.87,73.94,0.00
DTP-20191126,2019-11-26,2020,1,17071257086475.21,6021932712936.84,23093189799412.05,20459304096.51,73.92,0.00
DTP-20191127,2019-11-27,2020,1,17072351276237.79,6003714120196.29,23076065396434.08,-17124402977.97,73.98,0.00
DTP-20191129,2019-11-29,2020,1,17105420783631.03,5970778150916.67,23076198934547.70,133538113.62,74.13,0.00
DTP-20191202,2019-12-02,2020,1,17133902192278.59,5971073106850.13,23104975299128.72,28776364581.02,74.16,0.00
DTP-20191203,2019-12-03,2020,1,17122442409062.30,5965828341899.47,23088270750961.77,-16704548166.95,74.16,0.00
DTP-20191204,2019-12-04,2020,1,17123729318548.02,5966184780449.53,23089914098997.55,1643348035.78,74.16,0.00
DTP-20191205,2019-12-05,2020,1,17122608802571.39,5968526353309.86,23091135155881.25,1221056883.70,74.15,0.00
DTP-20191206,2019-12-06,2020,1,17123206920733.52,5966843271253.47,23090050191986.99,-1084963894.26,74.16,0.00
DTP-20191209,2019-12-09,2020,1,17123396867371.36,5973585563902.61,23096982431273.97,6932239286.98,74.14,0.00
DTP-20191210,2019-12-10,2020,1,17104589566400.81,5978501865873.80,23083091432274.61,-13890998999.36,74.10,0.00
DTP-20191211,2019-12-11,2020,1,17105930691931.67,5963469881287.59,23069400573219.26,-13690859055.35,74.15,-0.00
DTP-20191212,2019-12-12,2020,1,17088776732111.07,5964943380167.07,23053720112278.14,-15680460941.12,74.13,0.00
DTP-20191213,2019-12-13,2020,1,17088790373343.72,5961651806966.04,23050442180309.76,-3277931968.38,74.14,0.00
DTP-20191216,2019-12-16,2020,1,17141625359793.44,5966557649720.72,23108183009514.16,57740829204.40,74.18,0.00
DTP-20191217,2019-12-17,2020,1,17130346074574.30,5981118871031.47,23111464945605.77,3281936091.61,74.12,0.00
DTP-20191218,2019-12-18,2020,1,17132697641060.15,5966856183994.63,23099553825054.78,-11911120550.99,74.17,0.00
DTP-20191219,2019-12-19,2020,1,17131574400641.15,5956009095719.03,23087583496360.18,-11970328694.60,74.20,0.00
DTP-20191220,2019-12-20,2020,1,17131413769703.14,5955271472320.52,23086685242023.66,-898254336.52,74.20,0.00
DTP-20191223,2019-12-23,2020,1,17132275166528.98,5981905300101.58,23114180466630.56,27495224606.90,74.12,0.00
DTP-20191224,2019-12-24,2020,1,17116045374902.84,5963938068506.90,23079983443409.74,-34197023220.82,74.16,0.00
DTP-20191226,2019-12-26,2020,1,17114921532287.18,5972400639188.75,23087322171475.93,7338728066.19,74.13,0.00
DTP-20191227,2019-12-27,2020,1,17133179633230.29,5974589706602.12,23107769339832.41,20447168356.48,74.14,0.00
DTP-20191230,2019-12-30,2020,1,17133687951263.30,5975139843829.56,23108827795092.86,1058455260.45,74.14,0.00
DTP-20191231,2019-12-31,2020,1,17170442487631.56,6030937647175.17,23201380134806.73,92552339713.87,74.01,0.00
DTP-20200102,2020-01-02,2020,2,17162410209193.34,6009588924637.43,23171999133830.77,-29381000975.96,74.07,0.00
DTP-20200103,2020-01-03,2020,2,17163322135882.56,6007124192808.07,23170446328690.63,-1552805140.14,74.07,0.00
DTP-20200106,2020-01-06,2020,2,17164653477030.90,6012491408110.99,23177144885141.89,6698556451.26,74.06,0.00
DTP-20200107,2020-01-07,2020,2,17156739031334.51,6020202093992.42,23176941125326.93,-203759814.96,74.03,0.00
DTP-20200108,2020-01-08,2020,2,17157849214410.19,6004903652551.12,23162752866961.31,-14188258365.62,74.08,0.00
DTP-20200109,2020-01-09,2020,2,17156951436901.08,6010945161191.49,23167896598092.57,5143731131.26,74.05,0.00
DTP-20200110,2020-01-10,2020,2,17156730423383.93,6010420553955.15,23167150977339.08,-745620753.49,74.06,0.00
DTP-20200113,2020-01-13,2020,2,17156747242357.46,6013065716482.34,23169812958839.80,2661981500.72,74.05,0.00
DTP-20200114,2020-01-14,2020,2,17147212900497.28,6021792610713.91,23169005511211.19,-807447628.61,74.01,-0.00
DTP-20200115,2020-01-15,2020,2,17178181916235.20,6015912304482.11,23194094220717.31,25088709506.12,74.06,0.00
DTP-20200116,2020-01-16,2020,2,17181120501870.30,6023210997559.38,23204331499429.68,10237278712.37,74.04,0.00
DTP-20200117,2020-01-17,2020,2,17181334850319.92,6029890098050.99,23211224948370.91,6893448941.23,74.02,0.00
DTP-20200121,2020-01-21,2020,2,17177048615525.42,6033365301792.43,23210413917317.85,-811031053.06,74.01,0.00
DTP-20200122,2020-01-22,2020,2,17176915487937.35,6028302830336.66,23205218318274.01,-5195599043.84,74.02,-0.00
DTP-20200123,2020-01-23,2020,2,17176161533753.88,6030443690561.84,23206605224315.72,1386906041.71,74.01,0.00
DTP-20200124,2020-01-24,2020,2,17176424212742.16,6033276393018.84,23209700605761.00,3095381445.28,74.01,0.00
DTP-20200127,2020-01-27,2020,2,17176269107221.96,6046084094674.47,23222353201896.43,12652596135.43,73.96,0.00
DTP-20200128,2020-01-28,2020,2,17188354212009.22,6055571016168.97,23243925228178.19,21572026281.76,73.95,0.00
DTP-20200129,2020-01-29,2020,2,17188840195892.68,6056246765052.62,23245086960945.30,1161732767.11,73.95,0.00
DTP-20200130,2020-01-30,2020,2,17194272626660.47,6057290260703.85,23251562887364.32,6475926419.02,73.95,0.00
DTP-20200131,2020-01-31,2020,2,17212634807910.27,6011178074802.87,23223812882713.14,-27750004651.18,74.12,0.00
DTP-20200203,2020-02-03,2020,2,17210560808395.08,5995320000062.71,23205880808457.79,-17932074255.35,74.16,0.00
DTP-20200204,2020-02-04,2020,2,17231339167986.90,6014335863903.31,23245675031890.21,39794223432.42,74.13,0.00
DTP-20200205,2020-02-05,2020,2,17231851760064.99,6014663042399.93,23246514802464.92,839770574.71,74.13,0.00
DTP-20200206,2020-02-06,2020,2,17233617253756.13,6019301405722.35,23252918659478.48,6403857013.56,74.11,0.00
DTP-20200207,2020-02-07,2020,2,17233860739553.31,6017169208404.46,23251029947957.77,-1888711520.71,74.12,0.00
DTP-20200210,2020-02-10,2020,2,17233671419422.30,6022684697752.75,23256356117175.05,5326169217.28,74.10,0.00
DTP-20200211,2020-02-11,2020,2,17259765072099.52,6030569483582.84,23290334555682.36,33978438507.31,74.11,0.00
DTP-20200212,2020-02-12,2020,2,17259686140675.27,6014412810818.81,23274098951494.08,-16235604188.28,74.16,0.00
DTP-20200213,2020-02-13,2020,2,17288291326720.19,6017005824413.78,23305297151133.97,31198199639.89,74.18,0.00
DTP-20200214,2020-02-14,2020,2,17288287556566.37,6016522567520.97,23304810124087.34,-487027046.63,74.18,0.00
DTP-20200218,2020-02-18,2020,2,17325065170525.81,6025950212857.97,23351015383383.78,46205259296.44,74.19,0.00
DTP-20200219,2020-02-19,2020,2,17325696041762.02,6027522956398.81,23353218998160.83,2203614777.05,74.19,0.00
DTP-20200220,2020-02-20,2020,2,17364593991112.41,6027999926067.54,23392593917179.95,39374919019.12,74.23,0.00
DTP-20200221,2020-02-21,2020,2,17365452897838.30,6032577031339.42,23398029929177.72,5436011997.77,74.22,0.00
DTP-20200224,2020-02-24,2020,2,17365321695717.52,6040987908210.21,23406309603927.73,8279674750.01,74.19,0.00
DTP-20200225,2020-02-25,2020,2,17389166532970.41,6049647825300.09,23438814358270.50,32504754342.77,74.19,0.00
DTP-20200226,2020-02-26,2020,2,17389166301912.36,6037414308797.60,23426580610709.96,-12233747560.54,74.23,0.00
DTP-20200227,2020-02-27,2020,2,17387809848199.62,6034876946308.25,23422686794507.87,-3893816202.09,74.23,-0.00
DTP-20200228,2020-02-28,2020,2,17413049915879.80,5996909234363.83,23409959150243.63,-12727644264.24,74.38,0.00
DTP-20200302,2020-03-02,2020,2,17445649600708.22,5995195501723.68,23440845102431.90,30885952188.27,74.42,0.00
DTP-20200303,2020-03-03,2020,2,17458614220504.75,5996202564806.56,23454816785311.31,13971682879.41,74.44,0.00
DTP-20200304,2020-03-04,2020,2,17463941870439.26,5996660991084.00,23460602861523.26,5786076211.95,74.44,-0.00
DTP-20200305,2020-03-05,2020,2,17469371163304.52,5999788699919.56,23469159863224.08,8557001700.82,74.44,0.00
DTP-20200306,2020-03-06,2020,2,17470002273480.20,5998665528467.58,23468667801947.78,-492061276.30,74.44,0.00
DTP-20200309,2020-03-09,2020,2,17470244172300.89,6003294663716.14,23473538836017.03,4871034069.25,74.43,0.00
DTP-20200310,2020-03-10,2020,2,17484257950944.52,6014439295387.99,23498697246332.51,25158410315.48,74.41,-0.00
DTP-20200311,2020-03-11,2020,2,17484869638273.14,5998175732142.33,23483045370415.47,-15651875917.04,74.46,0.00
DTP-20200312,2020-03-12,2020,2,17438473384294.44,6001449642963.93,23439923027258.37,-43122343157.10,74.40,-0.00
DTP-20200313,2020-03-13,2020,2,17441348876495.70,6001049359377.36,23442398235873.06,2475208614.69,74.40,0.00
DTP-20200316,2020-03-16,2020,2,17495252134765.03,6005506923878.49,23500759058643.52,58360822770.46,74.45,0.00
DTP-20200317,2020-03-17,2020,2,17506099534102.63,6021994383555.02,23528093917657.65,27334859014.13,74.41,0.00
DTP-20200318,2020-03-18,2020,2,17506638952920.28,6006952045253.80,23513590998174.08,-14502919483.57,74.45,0.00
DTP-20200319,2020-03-19,2020,2,17505933295301.02,6009728152255.63,23515661447556.65,2070449382.57,74.44,0.00
DTP-20200320,2020-03-20,2020,2,17506352913010.65,6008182077907.88,23514534990918.53,-1126456638.12,74.45,0.00
DTP-20200323,2020-03-23,2020,2,17507401138252.23,6010453915906.78,23517855054159.01,3320063240.48,74.44,0.00
DTP-20200324,2020-03-24,2020,2,17530592687171.67,6020993346212.75,23551586033384.42,33730979225.41,74.43,0.00
DTP-20200325,2020-03-25,2020,2,17530771851107.63,6011750886314.88,23542522737422.51,-9063295961.91,74.46,0.00
DTP-20200326,2020-03-26,2020,2,17535603326374.89,5979198664130.74,23514801990505.63,-27720746916.88,74.57,0.00
DTP-20200327,2020-03-27,2020,2,17553231839939.21,5981808048557.21,23535039888496.42,20237897990.79,74.58,0.00
DTP-20200330,2020-03-30,2020,2,17554731018699.21,6010324969544.04,23565055988243.25,30016099746.83,74.49,0.00
DTP-20200331,2020-03-31,2020,2,17674771266474.08,6012099546166.00,23686870812640.08,121814824396.83,74.62,0.00
DTP-20200401,2020-04-01,2020,3,17719077528190.93,5983182830719.25,23702260358910.18,15389546270.10,74.76,0.00
DTP-20200402,2020-04-02,2020,3,17834239216864.28,5999588971994.26,23833828188858.54,131567829948.36,74.83,0.00
DTP-20200403,2020-04-03,2020,3,17918595311923.59,5989735061841.82,23908330373765.41,74502184906.87,74.95,0.00
DTP-20200406,2020-04-06,2020,3,17919267151226.25,5997945512631.34,23917212663857.59,8882290092.18,74.92,0.00
DTP-20200407,2020-04-07,2020,3,18004963300482.19,6006560016171.17,24011523316653.36,94310652795.77,74.98,0.00
DTP-20200408,2020-04-08,2020,3,18110326875954.74,6001505173930.16,24111832049884.90,100308733231.54,75.11,0.00
DTP-20200409,2020-04-09,2020,3,18230730588326.65,5990940150877.70,24221670739204.35,109838689319.45,75.27,-0.00
DTP-20200410,2020-04-10,2020,3,18230748262703.22,5980327611008.67,24211075873711.89,-10594865492.46,75.30,0.00
DTP-20200413,2020-04-13,2020,3,18230750748315.02,5962339872819.78,24193090621134.80,-17985252577.09,75.36,0.00
DTP-20200414,2020-04-14,2020,3,18338500813636.89,5963277630312.32,24301778443949.21,108687822814.41,75.46,0.00
DTP-20200415,2020-04-15,2020,3,18441034071127.88,5942892026233.98,24383926097361.86,82147653412.65,75.63,0.00
DTP-20200416,2020-04-16,2020,3,18524301170741.25,5940990009971.86,24465291180713.11,81365083351.25,75.72,0.00
DTP-20200417,2020-04-17,2020,3,18523734410806.52,5934200440269.83,24457934851076.35,-7356329636.76,75.74,0.00
DTP-20200420,2020-04-20,2020,3,18523661184040.95,5937213874851.27,24460875058892.22,2940207815.87,75.73,0.00
DTP-20200421,2020-04-21,2020,3,18621943243238.81,5944904606325.23,24566847849564.04,105972790671.82,75.80,0.00
DTP-20200422,2020-04-22,2020,3,18686805288333.26,5922538262033.55,24609343550366.81,42495700802.77,75.93,0.00
DTP-20200423,2020-04-23,2020,3,18777828897162.24,5927326437700.61,24705155334862.85,95811784496.04,76.01,-0.00
DTP-20200424,2020-04-24,2020,3,18778402028693.55,5932227058250.78,24710629086944.33,5473752081.48,75.99,0.00
DTP-20200427,2020-04-27,2020,3,18778813137549.29,5933492311045.60,24712305448594.89,1676361650.56,75.99,0.00
DTP-20200428,2020-04-28,2020,3,18869904429345.09,5932533865762.78,24802438295107.87,90132846512.98,76.08,0.00
DTP-20200429,2020-04-29,2020,3,18926928003279.46,5927150683993.06,24854078687272.52,51640392164.65,76.15,0.00
DTP-20200430,2020-04-30,2020,3,19053618801919.97,5920553066244.38,24974171868164.35,120093180891.83,76.29,-0.00
DTP-20200501,2020-05-01,2020,3,19053597245289.71,5867728731524.78,24921325976814.49,-52845891349.86,76.45,0.00
DTP-20200504,2020-05-04,2020,3,19053015574637.83,5895968126279.01,24948983700916.84,27657724102.35,76.37,-0.00
DTP-20200505,2020-05-05,2020,3,19148572794844.95,5909351228561.85,25057924023406.80,108940322489.96,76.42,-0.00
DTP-20200506,2020-05-06,2020,3,19148593687461.43,5909935114680.99,25058528802142.42,604778735.62,76.42,0.00
DTP-20200507,2020-05-07,2020,3,19218562087514.65,5923838367730.89,25142400455245.54,83871653103.12,76.44,0.00
DTP-20200508,2020-05-08,2020,3,19219017143894.46,5934089235693.18,25153106379587.64,10705924342.10,76.41,0.00
DTP-20200511,2020-05-11,2020,3,19218863862523.55,5937836258427.25,25156700120950.80,3593741363.16,76.40,0.00
DTP-20200512,2020-05-12,2020,3,19260331227697.98,5944101967838.76,25204433195536.74,47733074585.94,76.42,0.00
DTP-20200513,2020-05-13,2020,3,19261307376968.67,5927450448145.19,25188757825113.86,-15675370422.88,76.47,0.00
DTP-20200514,2020-05-14,2020,3,19340394561836.48,5927170151127.14,25267564712963.62,78806887849.76,76.54,0.00
DTP-20200515,2020-05-15,2020,3,19377052324026.68,5928559259350.58,25305611583377.26,38046870413.64,76.57,-0.00
DTP-20200518,2020-05-18,2020,3,19376511582630.18,5934894388602.00,25311405971232.18,5794387854.92,76.55,0.00
DTP-20200519,2020-05-19,2020,3,19427688296012.27,5949602896408.83,25377291192421.10,65885221188.92,76.56,0.00
DTP-20200520,2020-05-20,2020,3,19429375108045.77,5931634899970.34,25361010008016.11,-16281184404.99,76.61,0.00
DTP-20200521,2020-05-21,2020,3,19528469870929.41,5938294468005.81,25466764338935.22,105754330919.11,76.68,0.00
DTP-20200522,2020-05-22,2020,3,19568918500579.08,5944402929077.18,25513321429656.26,46557090721.04,76.70,-0.00
DTP-20200526,2020-05-26,2020,3,19658296114369.51,5945672835535.19,25603968949904.70,90647520248.44,76.78,0.00
DTP-20200527,2020-05-27,2020,3,19658553133164.41,5924584231072.98,25583137364237.39,-20831585667.31,76.84,0.00
DTP-20200528,2020-05-28,2020,3,19765841489593.14,5917831052950.56,25683672542543.70,100535178306.31,76.96,0.00
DTP-20200529,2020-05-29,2020,3,19812769028672.42,5933491158070.24,25746260186742.66,62587644198.96,76.95,0.00
DTP-20200601,2020-06-01,2020,3,19868879659973.24,5882590379726.05,25751470039699.29,5209852956.63,77.16,0.00
DTP-20200602,2020-06-02,2020,3,19948717654707.95,5892876099180.46,25841593753888.41,90123714189.12,77.20,0.00
DTP-20200603,2020-06-03,2020,3,19948602683005.32,5881525870703.24,25830128553708.56,-11465200179.85,77.23,0.00
DTP-20200604,2020-06-04,2020,3,20031546217610.87,5888539425419.01,25920085643029.88,89957089321.32,77.28,0.00
DTP-20200605,2020-06-05,2020,3,20031293630338.74,5888419967618.93,25919713597957.67,-372045072.21,77.28,-0.00
DTP-20200608,2020-06-08,2020,3,20061738133725.58,5898809787260.53,25960547920986.11,40834323028.44,77.28,0.00
DTP-20200609,2020-06-09,2020,3,20096761240012.96,5906990272331.95,26003751512344.91,43203591358.80,77.28,0.00
DTP-20200610,2020-06-10,2020,3,20096329220086.49,5890600265573.23,25986929485659.72,-16822026685.19,77.33,0.00
DTP-20200611,2020-06-11,2020,3,20165903564781.30,5896763312446.86,26062666877228.16,75737391568.44,77.37,0.00
DTP-20200612,2020-06-12,2020,3,20166569027872.95,5895845722823.13,26062414750696.08,-252126532.08,77.38,0.00
DTP-20200615,2020-06-15,2020,3,20230458100915.75,5900837058276.10,26131295159191.85,68880408495.77,77.42,0.00
DTP-20200616,2020-06-16,2020,3,20241259986107.24,5912352145943.62,26153612132050.86,22316972859.01,77.39,0.00
DTP-20200617,2020-06-17,2020,3,20241116522461.44,5903365781128.57,26144482303590.01,-9129828460.85,77.42,0.00
DTP-20200618,2020-06-18,2020,3,20327930887347.94,5905741016100.39,26233671903448.33,89189599858.32,77.49,0.00
DTP-20200619,2020-06-19,2020,3,20336112764745.13,5904630434200.05,26240743198945.18,7071295496.85,77.50,0.00
DTP-20200622,2020-06-22,2020,3,20335130195671.64,5908712851687.19,26243843047358.83,3099848413.65,77.49,0.00
DTP-20200623,2020-06-23,2020,3,20340264414421.01,5911470378725.99,26251734793147.00,7891745788.17,77.48,0.00
DTP-20200624,2020-06-24,2020,3,20340847570951.00,5896965542850.78,26237813113801.78,-13921679345.22,77.52,0.00
DTP-20200625,2020-06-25,2020,3,20408678291738.93,5892524387272.47,26301202679011.40,63389565209.62,77.60,0.00
DTP-20200626,2020-06-26,2020,3,20428175376968.14,5888715817382.39,26316891194350.53,15688515339.13,77.62,0.00
DTP-20200629,2020-06-29,2020,3,20427662059462.73,5896965871626.81,26324627931089.54,7736736739.01,77.60,0.00
DTP-20200630,2020-06-30,2020,3,20530278232389.35,5946962620735.41,26477240853124.76,152612922035.22,77.54,0.00
DTP-20200701,2020-07-01,2020,4,20524313675569.22,5904652555547.92,26428966231117.14,-48274622007.62,77.66,0.00
DTP-20200702,2020-07-02,2020,4,20559461021603.62,5897618691327.25,26457079712930.87,28113481813.73,77.71,0.00
DTP-20200703,2020-07-03,2020,4,20559307340665.10,5888615377606.56,26447922718271.66,-9156994659.21,77.74,0.00
DTP-20200706,2020-07-06,2020,4,20558806159126.36,5901550077909.24,26460356237035.60,12433518763.94,77.70,0.00
DTP-20200707,2020-07-07,2020,4,20554746176759.01,5906088060271.54,26460834237030.55,477999994.95,77.68,0.00
DTP-20200708,2020-07-08,2020,4,20556762712165.80,5889983666445.02,26446746378610.82,-14087858419.73,77.73,0.00
DTP-20200709,2020-07-09,2020,4,20583805536797.77,5904003221453.18,26487808758250.95,41062379640.13,77.71,0.00
DTP-20200710,2020-07-10,2020,4,20583643590483.90,5901443005856.50,26485086596340.40,-2722161910.55,77.72,0.00
DTP-20200713,2020-07-13,2020,4,20583461928475.00,5904639271901.64,26488101200376.64,3014604036.24,77.71,0.00
DTP-20200714,2020-07-14,2020,4,20539873335812.51,5909778434443.54,26449651770256.05,-38449430120.59,77.66,0.00
DTP-20200715,2020-07-15,2020,4,20574380830507.80,5911091609553.12,26485472440060.92,35820669804.87,77.68,0.00
DTP-20200716,2020-07-16,2020,4,20611921079550.83,5917339138678.45,26529260218229.28,43787778168.36,77.70,-0.00
DTP-20200717,2020-07-17,2020,4,20612219680437.71,5920145726911.40,26532365407349.11,3105189119.83,77.69,0.00
DTP-20200720,2020-07-20,2020,4,20612265803536.08,5921855114725.21,26534120918261.29,1755510912.18,77.68,0.00
DTP-20200721,2020-07-21,2020,4,20568775046149.69,5937090365150.87,26505865411300.56,-28255506960.73,77.60,0.00
DTP-20200722,2020-07-22,2020,4,20571200822079.13,5920570063185.88,26491770885265.01,-14094526035.55,77.65,-0.00
DTP-20200723,2020-07-23,2020,4,20614085168487.62,5924789560070.25,26538874728557.87,47103843292.86,77.68,0.00
DTP-20200724,2020-07-24,2020,4,20613985069366.96,5922808101648.83,26536793171015.79,-2081557542.08,77.68,0.00
DTP-20200727,2020-07-27,2020,4,20613829476218.54,5932855195339.20,26546684671557.74,9891500541.95,77.65,0.00
DTP-20200728,2020-07-28,2020,4,20584109576599.66,5937439108569.89,26521548685169.55,-25135986388.19,77.61,0.00
DTP-20200729,2020-07-29,2020,4,20584415231346.35,5935989833713.22,26520405065059.57,-1143620109.98,77.62,0.00
DTP-20200730,2020-07-30,2020,4,20571972112207.36,5933343187761.62,26505315299968.98,-15089765090.59,77.61,0.00
DTP-20200731,2020-07-31,2020,4,20634399708136.40,5890553743441.20,26524953451577.60,19638151608.62,77.79,-0.00
DTP-20200803,2020-08-03,2020,4,20631639311469.31,5879515652660.75,26511154964130.06,-13798487447.54,77.82,0.00
DTP-20200804,2020-08-04,2020,4,20607116213547.84,5896121345173.34,26503237558721.18,-7917405408.88,77.75,0.00
DTP-20200805,2020-08-05,2020,4,20608720828297.64,5895578701319.82,26504299529617.46,1061970896.28,77.76,0.00
DTP-20200806,2020-08-06,2020,4,20601228490475.07,5897104426590.86,26498332917065.93,-5966612551.53,77.75,0.00
DTP-20200807,2020-08-07,2020,4,20601430782095.04,5897002514076.22,26498433296171.26,100379105.33,77.75,-0.00
DTP-20200810,2020-08-10,2020,4,20602395595705.06,5903091879409.50,26505487475114.56,7054178943.30,77.73,0.00
DTP-20200811,2020-08-11,2020,4,20593555758439.35,5909593934131.90,26503149692571.25,-2337782543.31,77.70,0.00
DTP-20200812,2020-08-12,2020,4,20595620290631.63,5893184077516.59,26488804368148.22,-14345324423.03,77.75,0.00
DTP-20200813,2020-08-13,2020,4,20614305019013.95,5895391608530.97,26509696627544.92,20892259396.70,77.76,-0.00
DTP-20200814,2020-08-14,2020,4,20614743112528.87,5893996902813.85,26508740015342.72,-956612202.20,77.77,0.00
DTP-20200817,2020-08-17,2020,4,20675781863412.34,5904062433171.87,26579844296584.21,71104281241.49,77.79,0.00
DTP-20200818,2020-08-18,2020,4,20677341061204.90,5917661036184.02,26595002097388.92,15157800804.71,77.75,-0.00
DTP-20200819,2020-08-19,2020,4,20677829765197.63,5900297373419.77,26578127138617.40,-16874958771.52,77.80,0.00
DTP-20200820,2020-08-20,2020,4,20686047542443.54,5909553260448.82,26595600802892.36,17473664274.96,77.78,0.00
DTP-20200821,2020-08-21,2020,4,20686347281326.49,5910665248306.82,26597012529633.31,1411726740.95,77.78,0.00
DTP-20200824,2020-08-24,2020,4,20687039152758.81,5913064574437.05,26600103727195.86,3091197562.55,77.77,0.00
DTP-20200825,2020-08-25,2020,4,20698890567632.38,5927397112257.67,26626287679890.05,26183952694.19,77.74,-0.00
DTP-20200826,2020-08-26,2020,4,20699215627374.74,5909809764813.72,26609025392188.46,-17262287701.59,77.79,-0.00
DTP-20200827,2020-08-27,2020,4,20706040194248.80,5909612962437.01,26615653156685.81,6627764497.35,77.80,0.00
DTP-20200828,2020-08-28,2020,4,20728399179895.89,5908514260979.47,26636913440875.36,21260284189.55,77.82,0.00
DTP-20200831,2020-08-31,2020,4,20822038395784.06,5906797456602.38,26728835852386.44,91922411511.08,77.90,-0.00
DTP-20200901,2020-09-01,2020,4,20831829321818.21,5871122002227.36,26702951324045.57,-25884528340.87,78.01,0.00
DTP-20200902,2020-09-02,2020,4,20832904201163.69,5878583740781.38,26711487941945.07,8536617899.50,77.99,0.00
DTP-20200903,2020-09-03,2020,4,20842647539754.64,5880027240330.53,26722674780085.17,11186838140.10,78.00,0.00
DTP-20200904,2020-09-04,2020,4,20843497254129.55,5879812994442.54,26723310248572.09,635468486.92,78.00,0.00
DTP-20200908,2020-09-08,2020,4,20814037207734.74,5885335971279.72,26699373179014.46,-23937069557.63,77.96,-0.00
DTP-20200909,2020-09-09,2020,4,20818231086830.76,5878992290803.45,26697223377634.21,-2149801380.25,77.98,0.00
DTP-20200910,2020-09-10,2020,4,20833992369400.21,5875556790948.64,26709549160348.85,12325782714.64,78.00,0.00
DTP-20200911,2020-09-11,2020,4,20834490036761.48,5876388983230.87,26710879019992.35,1329859643.50,78.00,0.00
DTP-20200914,2020-09-14,2020,4,20835330718048.11,5879745043600.83,26715075761648.94,4196741656.59,77.99,-0.00
DTP-20200915,2020-09-15,2020,4,20899183125928.77,5891320713189.51,26790503839118.28,75428077469.34,78.01,0.00
DTP-20200916,2020-09-16,2020,4,20901066700028.11,5880471466881.62,26781538166909.73,-8965672208.55,78.04,0.00
DTP-20200917,2020-09-17,2020,4,20902736906992.54,5887707509965.64,26790444416958.18,8906250048.45,78.02,0.00
DTP-20200918,2020-09-18,2020,4,20903123720719.24,5887264062964.45,26790387783683.69,-56633274.49,78.02,-0.00
DTP-20200921,2020-09-21,2020,4,20903518934800.92,5891148909254.73,26794667844055.65,4280060371.96,78.01,0.00
DTP-20200922,2020-09-22,2020,4,20890403542124.78,5900581969606.90,26790985511731.68,-3682332323.97,77.98,0.00
DTP-20200923,2020-09-23,2020,4,20890465946735.07,5887336011247.80,26777801957982.87,-13183553748.81,78.01,0.00
DTP-20200924,2020-09-24,2020,4,20891109397593.75,5895022952779.60,26786132350373.35,8330392390.48,77.99,0.00
DTP-20200925,2020-09-25,2020,4,20913614093095.84,5897284418828.47,26810898511924.31,24766161550.96,78.00,0.00
DTP-20200928,2020-09-28,2020,4,20912955980381.15,5898453746116.18,26811409726497.33,511214573.02,78.00,0.00
DTP-20200929,2020-09-29,2020,4,20903722526048.68,5886686323074.26,26790408849122.94,-21000877374.39,78.03,-0.00
DTP-20200930,2020-09-30,2020,4,21018952080385.63,5926439114229.52,26945391194615.15,154982345492.21,78.01,0.00
DTP-20201001,2020-10-01,2021,1,21015326142875.29,6011595792557.12,27026921935432.41,81530740817.26,77.76,0.00
DTP-20201002,2020-10-02,2021,1,21015385461953.38,6029306368056.80,27044691830010.18,17769894577.77,77.71,0.00
DTP-20201005,2020-10-05,2021,1,21016404227199.88,6034731731010.12,27051135958210.00,6444128199.82,77.69,0.00
DTP-20201006,2020-10-06,2021,1,21008381342943.40,6043808775575.87,27052190118519.27,1054160309.27,77.66,0.00
DTP-20201007,2020-10-07,2021,1,21010465532077.43,6042529975175.76,27052995507253.19,805388733.92,77.66,-0.00
DTP-20201008,2020-10-08,2021,1,21025422363846.53,6047684653135.78,27073107016982.31,20111509729.12,77.66,0.00
DTP-20201009,2020-10-09,2021,1,21025048295574.08,6047633050798.77,27072681346372.85,-425670609.46,77.66,-0.00
DTP-20201013,2020-10-13,2021,1,21016869712763.46,6050200443741.50,27067070156504.96,-5611189867.89,77.65,0.00
DTP-20201014,2020-10-14,2021,1,21017955322855.86,6039907401836.22,27057862724692.08,-9207431812.88,77.68,0.00
DTP-20201015,2020-10-15,2021,1,21097401111521.33,6046264302910.27,27143665414431.60,85802689739.52,77.72,-0.00
DTP-20201016,2020-10-16,2021,1,21097612015329.51,6050716708658.82,27148328723988.33,4663309556.73,77.71,0.00
DTP-20201019,2020-10-19,2021,1,21097983329140.83,6059731341484.90,27157714670625.73,9385946637.40,77.69,-0.00
DTP-20201020,2020-10-20,2021,1,21089258084152.73,6066053260149.84,27155311344302.57,-2403326323.16,77.66,0.00
DTP-20201021,2020-10-21,2021,1,21090454496181.80,6050309961745.95,27140764457927.75,-14546886374.82,77.71,0.00
DTP-20201022,2020-10-22,2021,1,21084374495610.87,6066461190370.74,27150835685981.61,10071228053.86,77.66,0.00
DTP-20201023,2020-10-23,2021,1,21083992291444.08,6079493309510.87,27163485600954.95,12649914973.34,77.62,0.00
DTP-20201026,2020-10-26,2021,1,21083127197363.99,6096870537043.29,27179997734407.28,16512133452.33,77.57,-0.00
DTP-20201027,2020-10-27,2021,1,21074340817490.10,6101525958376.74,27175866775866.84,-4130958540.44,77.55,0.00
DTP-20201028,2020-10-28,2021,1,21076243138324.22,6091196312766.43,27167439451090.65,-8427324776.19,77.58,0.00
DTP-20201029,2020-10-29,2021,1,21079776286056.41,6089721989634.29,27169498275690.70,2058824600.05,77.59,0.00
DTP-20201030,2020-10-30,2021,1,21096955697143.00,6038521105983.20,27135476803126.20,-34021472564.50,77.75,0.00
DTP-20201102,2020-11-02,2021,1,21166249325865.81,6037135057073.48,27203384382939.29,67907579813.09,77.81,0.00
DTP-20201103,2020-11-03,2021,1,21158510032160.09,6038065036294.97,27196575068455.06,-6809314484.23,77.80,0.00
DTP-20201104,2020-11-04,2021,1,21158958097657.07,6038010910206.76,27196969007863.83,393939408.77,77.80,0.00
DTP-20201105,2020-11-05,2021,1,21172491717247.34,6044493315749.73,27216985032997.07,20016025133.24,77.79,0.00
DTP-20201106,2020-11-06,2021,1,21172132485311.66,6042361031199.64,27214493516511.30,-2491516485.77,77.80,0.00
DTP-20201109,2020-11-09,2021,1,21173686134292.27,6046212761370.60,27219898895662.87,5405379151.57,77.79,-0.00
DTP-20201110,2020-11-10,2021,1,21163144517488.27,6034590754858.75,27197735272347.02,-22163623315.85,77.81,0.00
DTP-20201112,2020-11-12,2021,1,21157165930153.58,6033010895935.46,27190176826089.04,-7558446257.98,77.81,0.00
DTP-20201113,2020-11-13,2021,1,21157219754436.15,6034565748537.80,27191785502973.95,1608676884.91,77.81,0.00
DTP-20201116,2020-11-16,2021,1,21217654666054.23,6040044008839.15,27257698674893.38,65913171919.43,77.84,0.00
DTP-20201117,2020-11-17,2021,1,21209227717633.17,6052762506936.69,27261990224569.86,4291549676.48,77.80,0.00
DTP-20201118,2020-11-18,2021,1,21209702993449.06,6036896179008.36,27246599172457.42,-15391052112.44,77.84,-0.00
DTP-20201119,2020-11-19,2021,1,21207842418951.08,6040220872216.34,27248063291167.42,1464118710.00,77.83,-0.00
DTP-20201120,2020-11-20,2021,1,21207839089467.21,6039339151373.58,27247178240840.79,-885050326.63,77.83,0.00
DTP-20201123,2020-11-23,2021,1,21208012856822.73,6046402746324.61,27254415603147.34,7237362306.55,77.81,0.00
DTP-20201124,2020-11-24,2021,1,21198286608971.91,6071729311011.39,27270015919983.30,15600316835.96,77.73,0.00
DTP-20201125,2020-11-25,2021,1,21197640169859.85,6056550011420.35,27254190181280.20,-15825738703.10,77.78,0.00
DTP-20201127,2020-11-27,2021,1,21218611743445.49,6057003752955.67,27275615496401.16,21425315120.96,77.79,-0.00
DTP-20201130,2020-11-30,2021,1,21349471573310.81,6096816614939.36,27446288188250.17,170672691849.01,77.79,-0.00
DTP-20201201,2020-12-01,2021,1,21342192975117.14,6063882707263.37,27406075682380.51,-40212505869.66,77.87,0.00
DTP-20201202,2020-12-02,2021,1,21341926023922.18,6070387141183.46,27412313165105.64,6237482725.13,77.86,0.00
DTP-20201203,2020-12-03,2021,1,21356282431555.87,6057825407206.36,27414107838762.23,1794673656.59,77.90,0.00
DTP-20201204,2020-12-04,2021,1,21355692695821.43,6058423451462.27,27414116147283.70,8308521.47,77.90,0.00
DTP-20201207,2020-12-07,2021,1,21354702143101.98,6060042400918.53,27414744544020.51,628396736.81,77.89,0.00
DTP-20201208,2020-12-08,2021,1,21354421153858.66,6068352181713.39,27422773335572.05,8028791551.54,77.87,0.00
DTP-20201209,2020-12-09,2021,1,21354173060785.25,6050902700094.36,27405075760879.61,-17697574692.44,77.92,0.00
DTP-20201210,2020-12-10,2021,1,21351415809631.68,6034408359881.83,27385824169513.51,-19251591366.10,77.97,-0.00
DTP-20201211,2020-12-11,2021,1,21351136018070.62,6034286365098.85,27385422383169.47,-401786344.04,77.97,0.00
DTP-20201214,2020-12-14,2021,1,21350931649169.06,6039724690213.91,27390656339382.97,5233956213.50,77.95,0.00
DTP-20201215,2020-12-15,2021,1,21448041180088.84,6064721314363.99,27512762494452.83,122106155069.86,77.96,0.00
DTP-20201216,2020-12-16,2021,1,21447890639089.95,6052616977063.35,27500507616153.30,-12254878299.53,77.99,-0.00
DTP-20201217,2020-12-17,2021,1,21446462125522.42,6060426761349.15,27506888886871.57,6381270718.27,77.97,0.00
DTP-20201218,2020-12-18,2021,1,21446525279996.38,6044940933359.78,27491466213356.16,-15422673515.41,78.01,0.00
DTP-20201221,2020-12-21,2021,1,21447615134294.27,6065291889748.70,27512907024042.97,21440810686.81,77.95,0.00
DTP-20201222,2020-12-22,2021,1,21447826256733.93,6074489832877.40,27522316089611.33,9409065568.36,77.93,0.00
DTP-20201223,2020-12-23,2021,1,21448157219574.36,6068569641613.23,27516726861187.59,-5589228423.74,77.95,0.00
DTP-20201224,2020-12-24,2021,1,21445028388848.74,6070482202955.65,27515510591804.39,-1216269383.20,77.94,0.00
DTP-20201228,2020-12-28,2021,1,21468928694819.93,6073609510177.27,27542538204997.20,27027613192.81,77.95,0.00
DTP-20201229,2020-12-29,2021,1,21468460859105.23,6082369779075.99,27550830638181.22,8292433184.02,77.92,0.00
DTP-20201230,2020-12-30,2021,1,21468468575442.99,6092040322428.54,27560508897871.53,9678259690.31,77.90,-0.00
DTP-20201231,2020-12-31,2021,1,21632418904104.24,6115379043563.53,27747797947667.77,187289049796.24,77.96,0.00
DTP-20210104,2021-01-04,2021,2,21593320887989.85,6084954082438.08,27678274970427.93,-69522977239.84,78.02,0.00
DTP-20210105,2021-01-05,2021,2,21593996935176.88,6104160478628.53,27698157413805.41,19882443377.48,77.96,0.00
DTP-20210106,2021-01-06,2021,2,21595719334374.14,6103266615616.80,27698985949990.94,828536185.53,77.97,0.00
DTP-20210107,2021-01-07,2021,2,21578759710032.75,6104491176445.28,27683250886478.03,-15735063512.91,77.95,0.00
DTP-20210108,2021-01-08,2021,2,21578440452769.64,6104606780437.34,27683047233206.98,-203653271.05,77.95,0.00
DTP-20210111,2021-01-11,2021,2,21578169824451.13,6110077560304.61,27688247384755.74,5200151548.76,77.93,0.00
DTP-20210112,2021-01-12,2021,2,21578917911758.87,6117872742410.37,27696790654169.24,8543269413.50,77.91,0.00
DTP-20210113,2021-01-13,2021,2,21578677363278.05,6100723496587.72,27679400859865.77,-17389794303.47,77.96,0.00
DTP-20210114,2021-01-14,2021,2,21578746189841.36,6103482418680.01,27682228608521.37,2827748655.60,77.95,-0.00
DTP-20210115,2021-01-15,2021,2,21636517013516.31,6110288367763.98,27746805381280.29,64576772758.92,77.98,0.00
DTP-20210119,2021-01-19,2021,2,21636377183394.06,6116458685051.29,27752835868445.35,6030487165.06,77.96,-0.00
DTP-20210120,2021-01-20,2021,2,21636823777934.20,6115072458480.57,27751896236414.77,-939632030.58,77.97,0.00
DTP-20210121,2021-01-21,2021,2,21637683073629.37,6118666592991.27,27756349666620.64,4453430205.87,77.96,0.00
DTP-20210122,2021-01-22,2021,2,21637423058071.62,6122213480346.16,27759636538417.78,3286871797.14,77.95,0.00
DTP-20210125,2021-01-25,2021,2,21637228235730.23,6135123517887.09,27772351753617.32,12715215199.54,77.91,0.00
DTP-20210126,2021-01-26,2021,2,21637251950547.69,6144494857524.60,27781746808072.29,9395054454.97,77.88,0.00
DTP-20210127,2021-01-27,2021,2,21637005700680.28,6131465276626.53,27768470977306.81,-13275830765.48,77.92,0.00
DTP-20210128,2021-01-28,2021,2,21629076639325.49,6130829372229.50,27759906011554.99,-8564965751.82,77.91,0.00
DTP-20210129,2021-01-29,2021,2,21643914788373.87,6140638244631.14,27784553033005.01,24647021450.02,77.90,0.00
DTP-20210201,2021-02-01,2021,2,21749185105265.67,6079965388255.09,27829150493520.76,44597460515.75,78.15,0.00
DTP-20210202,2021-02-02,2021,2,21749769083601.99,6115461377162.73,27865230460764.72,36079967243.96,78.05,0.00
DTP-20210203,2021-02-03,2021,2,21749198726415.67,6101851539360.60,27851050265776.27,-14180194988.45,78.09,0.00
DTP-20210204,2021-02-04,2021,2,21749849416330.32,6105245605873.04,27855095022203.36,4044756427.09,78.08,0.00
DTP-20210205,2021-02-05,2021,2,21749421729798.54,6103371530914.17,27852793260712.71,-2301761490.65,78.09,0.00
DTP-20210208,2021-02-08,2021,2,21748983640187.66,6107087478383.34,27856071118571.00,3277857858.29,78.08,0.00
DTP-20210209,2021-02-09,2021,2,21750064316585.32,6115082205659.20,27865146522244.52,9075403673.52,78.05,0.00
DTP-20210210,2021-02-10,2021,2,21749873858579.46,6096771355961.25,27846645214540.71,-18501307703.81,78.11,0.00
DTP-20210211,2021-02-11,2021,2,21750215558801.93,6097248958403.86,27847464517205.79,819302665.08,78.10,0.00
DTP-20210212,2021-02-12,2021,2,21750134546625.46,6101199472976.18,27851334019601.64,3869502395.85,78.09,0.00
DTP-20210216,2021-02-16,2021,2,21812094982567.85,6108449774098.05,27920544756665.90,69210737064.26,78.12,0.00
DTP-20210217,2021-02-17,2021,2,21813601430017.64,6106636149515.19,27920237579532.83,-307177133.07,78.13,0.00
DTP-20210218,2021-02-18,2021,2,21815155663420.02,6106807927312.68,27921963590732.70,1726011199.87,78.13,0.00
DTP-20210219,2021-02-19,2021,2,21815173302843.39,6108091606678.52,27923264909521.91,1301318789.21,78.13,0.00
DTP-20210222,2021-02-22,2021,2,21814986156287.54,6115620393275.92,27930606549563.46,7341640041.55,78.10,0.00
DTP-20210223,2021-02-23,2021,2,21760225183554.82,6125449821301.17,27885675004855.99,-44931544707.47,78.03,0.00
DTP-20210224,2021-02-24,2021,2,21760562112279.96,6158460730564.01,27919022842843.97,33347837987.98,77.94,0.00
DTP-20210225,2021-02-25,2021,2,21720690635919.88,6152457904885.91,27873148540805.79,-45874302038.18,77.93,0.00
DTP-20210226,2021-02-26,2021,2,21755737194886.79,6146626539588.91,27902363734475.70,29215193669.91,77.97,0.00
DTP-20210301,2021-03-01,2021,2,21892679686044.90,6111696590954.45,28004376276999.35,102012542523.65,78.18,-0.00
DTP-20210302,2021-03-02,2021,2,21867120542751.50,6125580629964.27,27992701172715.77,-11675104283.58,78.12,0.00
DTP-20210303,2021-03-03,2021,2,21868041292592.76,6111442830528.50,27979484123121.26,-13217049594.51,78.16,0.00
DTP-20210304,2021-03-04,2021,2,21839665607325.16,6115315381010.90,27954980988336.06,-24503134785.20,78.12,0.00
DTP-20210305,2021-03-05,2021,2,21839426762340.37,6115047188256.31,27954473950596.68,-507037739.38,78.12,0.00
DTP-20210308,2021-03-08,2021,2,21840832521438.53,6119360225555.55,27960192746994.08,5718796397.40,78.11,0.00
DTP-20210309,2021-03-09,2021,2,21816488165178.86,6128268255002.06,27944756420180.92,-15436326813.16,78.07,-0.00
DTP-20210310,2021-03-10,2021,2,21816186445186.04,6110440617854.12,27926627063040.16,-18129357140.76,78.12,0.00
DTP-20210311,2021-03-11,2021,2,21786545592808.25,6113873476443.15,27900419069251.40,-26207993788.76,78.09,0.00
DTP-20210312,2021-03-12,2021,2,21786192668157.33,6114166910987.66,27900359579144.99,-59490106.41,78.09,0.00
DTP-20210315,2021-03-15,2021,2,21884779949875.56,6117233541901.95,28002013491777.51,101653912632.52,78.15,-0.00
DTP-20210316,2021-03-16,2021,2,21859707934095.31,6123915799949.15,27983623734044.46,-18389757733.05,78.12,0.00
DTP-20210317,2021-03-17,2021,2,21860431420016.47,6114492274405.03,27974923694421.50,-8700039622.96,78.14,0.00
DTP-20210318,2021-03-18,2021,2,21843029123525.67,6123753593186.58,27966782716712.25,-8140977709.25,78.10,0.00
DTP-20210319,2021-03-19,2021,2,21842856763372.97,6122798833841.43,27965655597214.40,-1127119497.85,78.11,0.00
DTP-20210322,2021-03-22,2021,2,21843202077965.73,6126577634202.10,27969779712167.83,4124114953.43,78.10,0.00
DTP-20210323,2021-03-23,2021,2,21839458802764.32,6156897759511.59,27996356562275.91,26576850108.08,78.01,0.00
DTP-20210324,2021-03-24,2021,2,21840451485509.25,6139294428976.72,27979745914485.97,-16610647789.94,78.06,0.00
DTP-20210325,2021-03-25,2021,2,21816092391527.85,6147046434620.27,27963138826148.12,-16607088337.85,78.02,0.00
DTP-20210326,2021-03-26,2021,2,21842176297659.89,6145354358894.84,27987530656554.73,24391830406.61,78.04,0.00
DTP-20210329,2021-03-29,2021,2,21842878877827.13,6147964379360.52,27990843257187.65,3312600632.92,78.04,0.00
DTP-20210330,2021-03-30,2021,2,21838638166663.87,6150607807893.56,27989245974557.43,-1597282630.22,78.03,0.00
DTP-20210331,2021-03-31,2021,2,21986937011551.51,6145633292048.65,28132570303600.16,143324329042.73,78.15,0.00
DTP-20210401,2021-04-01,2021,3,21971261601025.54,6109866441905.41,28081128042930.95,-51442260669.21,78.24,0.00
DTP-20210402,2021-04-02,2021,3,21971382795810.88,6102356920839.54,28073739716650.42,-7388326280.53,78.26,-0.00
DTP-20210405,2021-04-05,2021,3,21971846913110.56,6109774772971.10,28081621686081.66,7881969431.24,78.24,-0.00
DTP-20210406,2021-04-06,2021,3,21967081393360.53,6118530813215.52,28085612206576.05,3990520494.39,78.21,0.00
DTP-20210407,2021-04-07,2021,3,21969175984437.34,6119944504706.86,28089120489144.20,3508282568.15,78.21,0.00
DTP-20210408,2021-04-08,2021,3,21955652659993.17,6125858764813.86,28081511424807.03,-7609064337.17,78.19,0.00
DTP-20210409,2021-04-09,2021,3,21955507026274.01,6127481615779.89,28082988642053.90,1477217246.87,78.18,0.00
DTP-20210412,2021-04-12,2021,3,21956369879520.92,6135265334581.15,28091635214102.07,8646572048.17,78.16,0.00
DTP-20210413,2021-04-13,2021,3,21952364512797.69,6145221811265.46,28097586324063.15,5951109961.08,78.13,0.00
DTP-20210414,2021-04-14,2021,3,21952862957614.43,6130733678392.05,28083596636006.48,-13989688056.67,78.17,0.00
DTP-20210415,2021-04-15,2021,3,21998736063710.95,6146277750105.33,28145013813816.28,61417177809.80,78.16,0.00
DTP-20210416,2021-04-16,2021,3,21998770702762.40,6156766345317.99,28155537048080.39,10523234264.11,78.13,0.00
DTP-20210419,2021-04-19,2021,3,21999763091557.03,6167798350671.37,28167561442228.40,12024394148.01,78.10,0.00
DTP-20210420,2021-04-20,2021,3,21985255784645.15,6185168435220.95,28170424219866.10,2862777637.70,78.04,-0.00
DTP-20210421,2021-04-21,2021,3,21985230010323.22,6169791017148.34,28155021027471.56,-15403192394.54,78.09,0.00
DTP-20210422,2021-04-22,2021,3,21957143354386.65,6171825443619.71,28128968798006.36,-26052229465.20,78.06,0.00
DTP-20210423,2021-04-23,2021,3,21957478261707.40,6176680122512.70,28134158384220.10,5189586213.74,78.05,-0.00
DTP-20210426,2021-04-26,2021,3,21957004963472.52,6185999431887.79,28143004395360.31,8846011140.21,78.02,0.00
DTP-20210427,2021-04-27,2021,3,21942657046607.38,6189594092712.02,28132251139319.40,-10753256040.91,78.00,0.00
DTP-20210428,2021-04-28,2021,3,21943200600097.29,6168761282600.83,28111961882698.12,-20289256621.28,78.06,-0.00
DTP-20210429,2021-04-29,2021,3,21925659073777.93,6164507507968.98,28090166581746.91,-21795300951.21,78.05,0.00
DTP-20210430,2021-04-30,2021,3,22056055138417.67,6118659345749.70,28174714484167.37,84547902420.46,78.28,0.00
DTP-20210503,2021-05-03,2021,3,22057630882663.13,6104796949093.30,28162427831756.43,-12286652410.94,78.32,0.00
DTP-20210504,2021-05-04,2021,3,22042988570983.82,6132410823931.09,28175399394914.91,12971563158.48,78.23,0.00
DTP-20210505,2021-05-05,2021,3,22043397487051.74,6134473801662.70,28177871288714.44,2471893799.53,78.23,-0.00
DTP-20210506,2021-05-06,2021,3,22019115149377.72,6157190866791.33,28176306016169.05,-1565272545.39,78.15,-0.00
DTP-20210507,2021-05-07,2021,3,22018250706027.92,6156584849561.50,28174835555589.42,-1470460579.63,78.15,0.00
DTP-20210510,2021-05-10,2021,3,22019330546782.03,6161407291526.45,28180737838308.48,5902282719.06,78.14,0.00
DTP-20210511,2021-05-11,2021,3,22004657189638.04,6168275499885.19,28172932689523.23,-7805148785.25,78.11,0.00
DTP-20210512,2021-05-12,2021,3,22005318639866.77,6151844208368.96,28157162848235.73,-15769841287.50,78.15,0.00
DTP-20210513,2021-05-13,2021,3,21983347992327.39,6155059474087.66,28138407466415.05,-18755381820.68,78.13,0.00
DTP-20210514,2021-05-14,2021,3,21983509838155.76,6156328156126.24,28139837994282.00,1430527866.95,78.12,0.00
DTP-20210517,2021-05-17,2021,3,22061105531880.52,6172509810125.81,28233615342006.33,93777347724.33,78.14,0.00
DTP-20210518,2021-05-18,2021,3,22042727374398.33,6189188425965.73,28231915800364.06,-1699541642.27,78.08,0.00
DTP-20210519,2021-05-19,2021,3,22043405514971.15,6173897277550.94,28217302792522.09,-14613007841.97,78.12,0.00
DTP-20210520,2021-05-20,2021,3,22023368939277.47,6178411518537.02,28201780457814.49,-15522334707.60,78.09,0.00
DTP-20210521,2021-05-21,2021,3,22023188769144.74,6180265510930.55,28203454280075.29,1673822260.80,78.09,0.00
DTP-20210524,2021-05-24,2021,3,22024524562636.98,6189118887687.59,28213643450324.57,10189170249.28,78.06,0.00
DTP-20210525,2021-05-25,2021,3,22005337838702.23,6199345340520.62,28204683179222.85,-8960271101.72,78.02,0.00
DTP-20210526,2021-05-26,2021,3,22005892292174.80,6181836272971.40,28187728565146.20,-16954614076.65,78.07,0.00
DTP-20210527,2021-05-27,2021,3,21983687097488.36,6179954441119.86,28163641538608.22,-24087026537.98,78.06,0.00
DTP-20210528,2021-05-28,2021,3,22020939013605.78,6178069324914.87,28199008338520.65,35366799912.43,78.09,0.00
DTP-20210601,2021-06-01,2021,3,22134003260072.17,6127929696255.24,28261932956327.41,62924617806.76,78.32,0.00
DTP-20210602,2021-06-02,2021,3,22135045676297.94,6141843820719.63,28276889497017.57,14956540690.16,78.28,0.00
DTP-20210603,2021-06-03,2021,3,22111555489083.39,6130387716042.07,28241943205125.46,-34946291892.11,78.29,0.00
DTP-20210604,2021-06-04,2021,3,22112452092666.69,6145724602341.70,28258176695008.39,16233489882.93,78.25,0.00
DTP-20210607,2021-06-07,2021,3,22113630122093.77,6150714316301.53,28264344438395.30,6167743386.91,78.24,0.00
DTP-20210608,2021-06-08,2021,3,22119292849172.19,6114247056124.58,28233539905296.77,-30804533098.53,78.34,0.00
DTP-20210609,2021-06-09,2021,3,22120188903981.41,6097651106794.94,28217840010776.35,-15699894520.42,78.39,0.00
DTP-20210610,2021-06-10,2021,3,22097330750279.91,6101590528094.60,28198921278374.51,-18918732401.84,78.36,-0.00
DTP-20210611,2021-06-11,2021,3,22097493949541.56,6101700172385.72,28199194121927.28,272843552.77,78.36,-0.00
DTP-20210614,2021-06-14,2021,3,22098725144893.53,6108260301115.47,28206985446009.00,7791324081.72,78.34,0.00
DTP-20210615,2021-06-15,2021,3,22199581858833.24,6122095157080.14,28321677015913.38,114691569904.38,78.38,0.00
DTP-20210616,2021-06-16,2021,3,22200126454792.78,6110948160650.07,28311074615442.85,-10602400470.53,78.41,0.00
DTP-20210617,2021-06-17,2021,3,22173891789491.61,6121985843645.43,28295877633137.04,-15196982305.81,78.36,0.00
DTP-20210618,2021-06-18,2021,3,22174123894523.93,6121835348442.33,28295959242966.26,81609829.22,78.36,-0.00
DTP-20210621,2021-06-21,2021,3,22175169756124.23,6128546776458.01,28303716532582.24,7757289615.98,78.35,0.00
DTP-20210622,2021-06-22,2021,3,22180632086932.28,6138049027539.28,28318681114471.56,14964581889.32,78.33,0.00
DTP-20210623,2021-06-23,2021,3,22183392725037.20,6121515704596.79,28304908429633.99,-13772684837.57,78.37,0.00
DTP-20210624,2021-06-24,2021,3,22187767708506.51,6134151567826.10,28321919276332.61,17010846698.62,78.34,0.00
DTP-20210625,2021-06-25,2021,3,22205687956460.57,6131613409981.42,28337301366441.99,15382090109.38,78.36,0.00
DTP-20210628,2021-06-28,2021,3,22206789980507.90,6144455676480.05,28351245656987.95,13944290545.96,78.33,0.00
DTP-20210629,2021-06-29,2021,3,22182683339412.07,6149638582259.51,28332321921671.58,-18923735316.37,78.29,0.00
DTP-20210630,2021-06-30,2021,3,22329822962202.00,6199612910937.77,28529435873139.77,197113951468.19,78.27,0.00
DTP-20210701,2021-07-01,2021,4,22327776340518.48,6158722279393.53,28486498619912.01,-42937253227.76,78.38,0.00
DTP-20210702,2021-07-02,2021,4,22328099402276.35,6152490607212.14,28480590009488.49,-5908610423.52,78.40,0.00
DTP-20210706,2021-07-06,2021,4,22306603924620.30,6158960252096.07,28465564176716.37,-15025832772.12,78.36,0.00
DTP-20210707,2021-07-07,2021,4,22306770866015.64,6165699173737.62,28472470039753.26,6905863036.89,78.35,0.00
DTP-20210708,2021-07-08,2021,4,22314776050830.43,6165378307707.07,28480154358537.50,7684318784.24,78.35,0.00
DTP-20210709,2021-07-09,2021,4,22315029737100.17,6170465943138.15,28485495680238.32,5341321700.82,78.34,0.00
DTP-20210712,2021-07-12,2021,4,22314724385689.48,6175520671069.96,28490245056759.44,4749376521.12,78.32,0.00
DTP-20210713,2021-07-13,2021,4,22289663938121.45,6187410462062.94,28477074400184.39,-13170656575.05,78.27,0.00
DTP-20210714,2021-07-14,2021,4,22290773813444.30,6170381932718.39,28461155746162.69,-15918654021.70,78.32,0.00
DTP-20210715,2021-07-15,2021,4,22345372642438.45,6176755964138.34,28522128606576.79,60972860414.10,78.34,0.00
DTP-20210716,2021-07-16,2021,4,22344306552282.47,6178710219315.08,28523016771597.55,888165020.76,78.34,-0.00
DTP-20210719,2021-07-19,2021,4,22344214950191.29,6189008188878.05,28533223139069.34,10206367471.79,78.31,0.00
DTP-20210720,2021-07-20,2021,4,22304036228186.43,6189272117446.16,28493308345632.59,-39914793436.75,78.28,0.00
DTP-20210721,2021-07-21,2021,4,22303232541301.08,6170931997417.40,28474164538718.48,-19143806914.11,78.33,-0.00
DTP-20210722,2021-07-22,2021,4,22296153948889.77,6175117883384.71,28471271832274.48,-2892706444.00,78.31,0.00
DTP-20210723,2021-07-23,2021,4,22299532173727.06,6175408509789.64,28474940683516.70,3668851242.22,78.31,0.00
DTP-20210726,2021-07-26,2021,4,22299753466971.75,6188534772552.67,28488288239524.42,13347556007.72,78.28,0.00
DTP-20210727,2021-07-27,2021,4,22289709886684.45,6198190332052.51,28487900218736.96,-388020787.46,78.24,0.00
DTP-20210728,2021-07-28,2021,4,22289101510534.79,6194498806304.28,28483600316839.07,-4299901897.89,78.25,0.00
DTP-20210729,2021-07-29,2021,4,22267029586371.88,6193100211722.58,28460129798094.46,-23470518744.61,78.24,0.00
DTP-20210730,2021-07-30,2021,4,22284627647306.26,6143094225112.44,28427721872418.70,-32407925675.76,78.39,0.00
DTP-20210802,2021-08-02,2021,4,22293275208582.66,6134423437249.50,28427698645832.16,-23226586.54,78.42,0.00
DTP-20210803,2021-08-03,2021,4,22281416341623.29,6146279821476.16,28427696163099.45,-2482732.71,78.38,0.00
DTP-20210804,2021-08-04,2021,4,22280521336952.44,6147163174642.44,28427684511594.88,-11651504.57,78.38,0.00
DTP-20210805,2021-08-05,2021,4,22277470458069.36,6150227292771.81,28427697750841.17,13239246.29,78.37,-0.00
DTP-20210806,2021-08-06,2021,4,22278553023249.22,6149133061849.17,28427686085098.39,-11665742.78,78.37,0.00
DTP-20210809,2021-08-09,2021,4,22270829338089.78,6156821744971.76,28427651083061.54,-35002036.85,78.34,0.00
DTP-20210810,2021-08-10,2021,4,22261696511328.14,6165952173498.31,28427648684826.45,-2398235.09,78.31,0.00
DTP-20210811,2021-08-11,2021,4,22279129327736.47,6148507652908.77,28427636980645.24,-11704181.21,78.37,0.00
DTP-20210812,2021-08-12,2021,4,22275214277846.82,6152464576454.21,28427678854301.03,41873655.79,78.36,0.00
DTP-20210813,2021-08-13,2021,4,22275281971506.72,6152385216728.58,28427667188235.30,-11666065.73,78.36,-0.00
DTP-20210816,2021-08-16,2021,4,22264523807491.39,6163108508425.50,28427632315916.89,-34872318.41,78.32,0.00
DTP-20210817,2021-08-17,2021,4,22250414879625.43,6177215015524.08,28427629895149.51,-2420767.38,78.27,-0.00
DTP-20210818,2021-08-18,2021,4,22265522025850.47,6162096235459.12,28427618261309.59,-11633839.92,78.32,0.00
DTP-20210819,2021-08-19,2021,4,22259020798508.09,6168616003382.50,28427636801890.59,18540581.00,78.30,0.00
DTP-20210820,2021-08-20,2021,4,22256434599033.89,6171190438803.48,28427625037837.37,-11764053.22,78.29,0.00
DTP-20210823,2021-08-23,2021,4,22251584529470.09,6176005210893.51,28427589740363.60,-35297473.77,78.27,0.00
DTP-20210824,2021-08-24,2021,4,22237978420871.84,6189608045327.77,28427586466199.61,-3274163.99,78.23,0.00
DTP-20210825,2021-08-25,2021,4,22248957391524.21,6178617314387.32,28427574705911.53,-11760288.08,78.27,0.00
DTP-20210826,2021-08-26,2021,4,22241122967198.27,6186465882289.53,28427588849487.80,14143576.27,78.24,0.00
DTP-20210827,2021-08-27,2021,4,22243672524384.31,6183904476289.52,28427577000673.83,-11848813.97,78.25,0.00
DTP-20210830,2021-08-30,2021,4,22246920959895.58,6180620490079.75,28427541449975.33,-35550698.50,78.26,0.00
DTP-20210831,2021-08-31,2021,4,22254543554131.93,6172773630395.71,28427317184527.64,-224265447.69,78.29,0.00
DTP-20210901,2021-09-01,2021,4,22292652192807.87,6134653142158.84,28427305334966.71,-11849560.93,78.42,0.00
DTP-20210902,2021-09-02,2021,4,22282258638442.67,6145057831309.79,28427316469752.46,11134785.75,78.38,0.00
DTP-20210903,2021-09-03,2021,4,22290288845635.85,6137015741954.64,28427304587590.49,-11882161.97,78.41,0.00
DTP-20210907,2021-09-07,2021,4,22282683988638.66,6144581693954.86,28427265682593.52,-38904996.97,78.38,0.00
DTP-20210908,2021-09-08,2021,4,22293378330153.58,6133875467384.64,28427253797538.22,-11885055.30,78.42,0.00
DTP-20210909,2021-09-09,2021,4,22295049268428.03,6132242070559.33,28427291338987.36,37541449.14,78.43,0.00
DTP-20210910,2021-09-10,2021,4,22293297812749.98,6133981660138.29,28427279472888.27,-11866099.09,78.42,0.00
DTP-20210913,2021-09-13,2021,4,22289670277991.72,6137573591602.65,28427243869594.37,-35603293.90,78.41,-0.00
DTP-20210914,2021-09-14,2021,4,22282916629210.18,6144324234417.77,28427240863627.95,-3005966.42,78.39,0.00
DTP-20210915,2021-09-15,2021,4,22294050150299.86,6133178833908.48,28427228984208.34,-11879419.61,78.42,0.00
DTP-20210916,2021-09-16,2021,4,22284196732219.11,6143038362826.17,28427235095045.28,6110836.94,78.39,0.00
DTP-20210917,2021-09-17,2021,4,22278261586551.23,6148961653679.10,28427223240230.33,-11854814.95,78.37,0.00
DTP-20210920,2021-09-20,2021,4,22272829494666.71,6154358177830.89,28427187672497.60,-35567732.73,78.35,0.00
DTP-20210921,2021-09-21,2021,4,22261385155784.91,6165798800217.13,28427183956002.04,-3716495.56,78.31,0.00
DTP-20210922,2021-09-22,2021,4,22272250116489.61,6154921969847.41,28427172086337.02,-11869665.02,78.35,0.00
DTP-20210923,2021-09-23,2021,4,22268769908383.62,6158405155555.71,28427175063939.33,2977602.31,78.34,0.00
DTP-20210924,2021-09-24,2021,4,22258560217860.66,6168603078564.77,28427163296425.43,-11767513.90,78.30,0.00
DTP-20210927,2021-09-27,2021,4,22256338250050.82,6170789739032.27,28427127989083.09,-35307342.34,78.29,0.00
DTP-20210928,2021-09-28,2021,4,22264101485917.49,6163020263009.75,28427121748927.24,-6240155.85,78.32,0.00
DTP-20210929,2021-09-29,2021,4,22270512165443.39,6156597837010.07,28427110002453.46,-11746473.78,78.34,0.00
DTP-20210930,2021-09-30,2021,4,22282900363084.77,6146018206963.91,28428918570048.68,1808567595.22,78.38,0.00
DTP-20211001,2021-10-01,2022,1,22199006158679.03,6229900789006.28,28428906947685.31,-11622363.37,78.09,0.00
DTP-20211004,2021-10-04,2022,1,22179617080290.56,6249254995499.38,28428872075789.94,-34871895.37,78.02,-0.00
DTP-20211005,2021-10-05,2022,1,22157021989946.12,6271845656985.97,28428867646932.09,-4428857.85,77.94,0.00
DTP-20211006,2021-10-06,2022,1,22157751249505.98,6271104791376.86,28428856040882.84,-11606049.25,77.94,0.00
DTP-20211007,2021-10-07,2022,1,22153679070742.42,6275220768598.78,28428899839341.20,43798458.36,77.93,0.00
DTP-20211008,2021-10-08,2022,1,22150090021441.85,6278798185715.96,28428888207157.81,-11632183.39,77.91,0.00
DTP-20211012,2021-10-12,2022,1,22143378621203.66,6285473674466.66,28428852295670.32,-35911487.49,77.89,0.00
DTP-20211013,2021-10-13,2022,1,22151823777639.84,6277020417433.36,28428844195073.20,-8100597.12,77.92,0.00
DTP-20211014,2021-10-14,2022,1,22395833436622.80,6332335369770.65,28728168806393.45,299324611320.25,77.96,0.00
DTP-20211015,2021-10-15,2022,1,22413003451825.17,6341075331124.93,28754078782950.10,25909976556.65,77.95,0.00
DTP-20211018,2021-10-18,2022,1,22474664369899.09,6346610987094.44,28821275356993.53,67196574043.43,77.98,0.00
DTP-20211019,2021-10-19,2022,1,22480805952712.50,6361683365947.90,28842489318660.40,21213961666.87,77.94,0.00
DTP-20211020,2021-10-20,2022,1,22481409657642.12,6347468734557.11,28828878392199.23,-13610926461.17,77.98,0.00
DTP-20211021,2021-10-21,2022,1,22527510913093.78,6353722768191.38,28881233681285.16,52355289085.93,78.00,0.00
DTP-20211022,2021-10-22,2022,1,22588315019747.81,6320487012676.40,28908802032424.21,27568351139.05,78.14,0.00
DTP-20211025,2021-10-25,2022,1,22589729855507.01,6319036640602.84,28908766496109.85,-35536314.36,78.14,0.00
DTP-20211026,2021-10-26,2022,1,22610118974697.78,6298649539046.98,28908768513744.76,2017634.91,78.21,0.00
DTP-20211027,2021-10-27,2022,1,22625211651178.41,6283544912155.97,28908756563334.38,-11950410.38,78.26,0.00
DTP-20211028,2021-10-28,2022,1,22630942029555.55,6277832702187.16,28908774731742.71,18168408.33,78.28,0.00
DTP-20211029,2021-10-29,2022,1,22637089774173.57,6271675566380.76,28908765340554.33,-9391188.38,78.31,0.00
DTP-20211101,2021-11-01,2022,1,22679949022472.05,6228804212527.64,28908753234999.69,-12105554.64,78.45,0.00
DTP-20211102,2021-11-02,2022,1,22659988386285.71,6248766742118.55,28908755128404.26,1893404.57,78.38,0.00
DTP-20211103,2021-11-03,2022,1,22675030332554.53,6233712650588.52,28908742983143.05,-12145261.21,78.44,0.00
DTP-20211104,2021-11-04,2022,1,22671766540621.87,6237053555790.66,28908820096412.53,77113269.48,78.43,0.00
DTP-20211105,2021-11-05,2022,1,22670992194387.46,6237815687782.93,28908807882170.39,-12214242.14,78.42,0.00
DTP-20211108,2021-11-08,2022,1,22666121515143.27,6242649719691.62,28908771234834.89,-36647335.50,78.41,0.00
DTP-20211109,2021-11-09,2022,1,22658378416183.86,6250390649598.20,28908769065782.06,-2169052.83,78.38,0.00
DTP-20211110,2021-11-10,2022,1,22675886752959.40,6232870097950.09,28908756850909.49,-12214872.57,78.44,0.00
DTP-20211112,2021-11-12,2022,1,22677433647927.06,6231323044459.26,28908756692386.32,-158523.17,78.44,0.00
DTP-20211115,2021-11-15,2022,1,22670153105823.14,6238567036630.92,28908720142454.06,-36549932.26,78.42,0.00
DTP-20211116,2021-11-16,2022,1,22660119082556.45,6248599546980.48,28908718629536.93,-1512917.13,78.39,0.00
DTP-20211117,2021-11-17,2022,1,22670201064177.64,6238505503547.62,28908706567725.26,-12061811.67,78.42,0.00
DTP-20211118,2021-11-18,2022,1,22666644776856.15,6242077220336.22,28908721997192.37,15429467.11,78.41,-0.00
DTP-20211119,2021-11-19,2022,1,22666452417440.08,6242257495770.04,28908709913210.12,-12083982.25,78.41,-0.00
DTP-20211122,2021-11-22,2022,1,22657307458326.65,6251366198424.50,28908673656751.15,-36256458.97,78.38,0.00
DTP-20211123,2021-11-23,2022,1,22645808245114.56,6262866974321.33,28908675219435.89,1562684.74,78.34,0.00
DTP-20211124,2021-11-24,2022,1,22651368137283.30,6257294871117.29,28908663008400.59,-12211035.30,78.35,0.00
DTP-20211126,2021-11-26,2022,1,22648879890396.04,6259792076507.21,28908671966903.25,8958502.66,78.35,0.00
DTP-20211129,2021-11-29,2022,1,22645683122576.67,6262951797949.74,28908634920526.41,-37046376.84,78.34,0.00
DTP-20211130,2021-11-30,2022,1,22645911986862.15,6262074927758.33,28907986914620.48,-648005905.93,78.34,-0.00
DTP-20211201,2021-12-01,2022,1,22679533846580.46,6228440721342.33,28907974567922.79,-12346697.69,78.45,0.00
DTP-20211202,2021-12-02,2022,1,22691973960299.16,6216119538689.30,28908093498988.46,118931065.67,78.50,0.00
DTP-20211203,2021-12-03,2022,1,22688917422422.73,6219163444678.46,28908080867101.19,-12631887.27,78.49,0.00
DTP-20211206,2021-12-06,2022,1,22685354502861.49,6222688465677.85,28908042968539.34,-37898561.85,78.47,-0.00
DTP-20211207,2021-12-07,2022,1,22679802644448.84,6228241369802.67,28908044014251.51,1045712.17,78.45,-0.00
DTP-20211208,2021-12-08,2022,1,22688938594240.60,6219092616833.23,28908031211073.83,-12803177.68,78.49,0.00
DTP-20211209,2021-12-09,2022,1,22686195368295.52,6221861202318.35,28908056570613.87,25359540.04,78.48,-0.00
DTP-20211210,2021-12-10,2022,1,22686899887990.36,6221143753458.05,28908043641448.41,-12929165.46,78.48,0.00
DTP-20211213,2021-12-13,2022,1,22684045769218.64,6223959088226.48,28908004857445.12,-38784003.29,78.47,0.00
DTP-20211214,2021-12-14,2022,1,22674771054977.96,6233233752317.17,28908004807295.13,-50149.99,78.44,0.00
DTP-20211215,2021-12-15,2022,1,22571130981329.51,6336860974643.87,28907991955973.38,-12851321.75,78.08,0.00
DTP-20211216,2021-12-16,2022,1,22799216577400.12,6407065020029.51,29206281597429.63,298289641456.25,78.06,0.00
DTP-20211217,2021-12-17,2022,1,22801698897579.86,6417463263056.68,29219162160636.54,12880563206.91,78.04,0.00
DTP-20211220,2021-12-20,2022,1,22804697508280.00,6422536842557.28,29227234350837.28,8072190200.74,78.03,0.00
DTP-20211221,2021-12-21,2022,1,22891867408153.57,6431749701910.68,29323617110064.25,96382759226.97,78.07,0.00
DTP-20211222,2021-12-22,2022,1,22954312648527.14,6416806381348.80,29371119029875.94,47501919811.69,78.15,0.00
DTP-20211223,2021-12-23,2022,1,22938284268590.05,6426561647888.93,29364845916478.98,-6273113396.96,78.11,0.00
DTP-20211224,2021-12-24,2022,1,22938681857522.76,6427805421108.45,29366487278631.21,1641362152.23,78.11,0.00
DTP-20211227,2021-12-27,2022,1,22942742141336.90,6449757804153.00,29392499945489.90,26012666858.69,78.06,0.00
DTP-20211228,2021-12-28,2022,1,23011724666665.37,6458477106364.37,29470201773029.74,77701827539.84,78.08,0.00
DTP-20211229,2021-12-29,2022,1,23014779515683.95,6458971638975.97,29473751154659.92,3549381630.18,78.09,-0.00
DTP-20211230,2021-12-30,2022,1,23032719604617.45,6462083263348.15,29494802867965.60,21051713305.68,78.09,0.00
DTP-20211231,2021-12-31,2022,1,23143747354717.21,6473467501334.54,29617214856051.75,122411988086.15,78.14,0.00
DTP-20220103,2022-01-03,2022,2,23144361951919.29,6417552027181.30,29561913979100.59,-55300876951.16,78.29,0.00
DTP-20220104,2022-01-04,2022,2,23211833164968.02,6472962562330.75,29684795727298.77,122881748198.18,78.19,0.00
DTP-20220105,2022-01-05,2022,2,23214140155933.97,6474571643749.92,29688711799683.89,3916072385.12,78.19,0.00
DTP-20220106,2022-01-06,2022,2,23229972540996.60,6481300519207.24,29711273060203.84,22561260519.95,78.19,0.00
DTP-20220107,2022-01-07,2022,2,23229647025413.05,6482559783871.63,29712206809284.68,933749080.84,78.18,0.00
DTP-20220110,2022-01-10,2022,2,23231536681984.59,6489779559528.28,29721316241512.87,9109432228.19,78.16,0.00
DTP-20220111,2022-01-11,2022,2,23297954520520.72,6500731900538.69,29798686421059.41,77370179546.54,78.18,0.00
DTP-20220112,2022-01-12,2022,2,23298964278988.09,6483296647274.81,29782260926262.90,-16425494796.51,78.23,0.00
DTP-20220113,2022-01-13,2022,2,23257631673763.52,6486724689302.40,29744356363065.92,-37904563196.98,78.19,0.00
DTP-20220114,2022-01-14,2022,2,23257604801754.91,6487351075953.81,29744955877708.72,599514642.80,78.19,0.00
DTP-20220118,2022-01-18,2022,2,23343151893368.79,6525635078786.37,29868786972155.16,123831094446.44,78.15,0.00
DTP-20220119,2022-01-19,2022,2,23344873734139.90,6505745955544.80,29850619689684.70,-18167282470.46,78.21,0.00
DTP-20220120,2022-01-20,2022,2,23357247989199.74,6509773520374.18,29867021509573.92,16401819889.22,78.20,-0.00
DTP-20220121,2022-01-21,2022,2,23358107262787.03,6514370786251.44,29872478049038.47,5456539464.55,78.19,0.00
DTP-20220124,2022-01-24,2022,2,23359986549166.17,6521290965111.63,29881277514277.80,8799465239.33,78.18,0.00
DTP-20220125,2022-01-25,2022,2,23388573688602.23,6534336495208.69,29922910183810.92,41632669533.12,78.16,0.00
DTP-20220126,2022-01-26,2022,2,23389827511089.61,6521199434107.83,29911026945197.44,-11883238613.48,78.20,-0.00
DTP-20220127,2022-01-27,2022,2,23396325976939.30,6527943664906.81,29924269641846.11,13242696648.67,78.19,0.00
DTP-20220128,2022-01-28,2022,2,23396713465058.67,6526833830092.60,29923547295151.27,-722346694.84,78.19,0.00
DTP-20220131,2022-01-31,2022,2,23487180861724.36,6525205197513.93,30012386059238.29,88838764087.02,78.26,0.00
DTP-20220201,2022-02-01,2022,2,23514256725319.07,6492447128389.61,30006703853708.68,-5682205529.61,78.36,0.00
DTP-20220202,2022-02-02,2022,2,23514973913252.55,6488240088064.54,30003214001317.09,-3489852391.59,78.37,0.00
DTP-20220203,2022-02-03,2022,2,23520768810384.49,6476579254968.15,29997348065352.64,-5865935964.45,78.41,0.00
DTP-20220204,2022-02-04,2022,2,23520871235145.52,6479864711822.47,30000735946967.99,3387881615.35,78.40,0.00
DTP-20220207,2022-02-07,2022,2,23520665528247.36,6485893966540.76,30006559494788.12,5823547820.13,78.39,-0.00
DTP-20220208,2022-02-08,2022,2,23546487028994.99,6497821682218.56,30044308711213.55,37749216425.43,78.37,-0.00
DTP-20220209,2022-02-09,2022,2,23546381809272.50,6479933811019.76,30026315620292.26,-17993090921.29,78.42,-0.00
DTP-20220210,2022-02-10,2022,2,23552446303427.89,6483721603015.82,30036167906443.71,9852286151.45,78.41,0.00
DTP-20220211,2022-02-11,2022,2,23552900361237.27,6484655856940.95,30037556218178.22,1388311734.51,78.41,0.00
DTP-20220214,2022-02-14,2022,2,23553290709911.88,6487030474116.35,30040321184028.23,2764965850.01,78.41,-0.00
DTP-20220215,2022-02-15,2022,2,23629210092090.68,6502537047511.72,30131747139602.40,91425955574.17,78.42,0.00
DTP-20220216,2022-02-16,2022,2,23630364799178.54,6487079732399.14,30117444531577.68,-14302608024.72,78.46,0.00
DTP-20220217,2022-02-17,2022,2,23638496766854.49,6478097336074.77,30116594102929.26,-850428648.42,78.49,-0.00
DTP-20220218,2022-02-18,2022,2,23639007666740.88,6497867387813.21,30136875054554.09,20280951624.83,78.44,0.00
DTP-20220222,2022-02-22,2022,2,23640796749421.98,6508806072796.29,30149602822218.27,12727767664.18,78.41,0.00
DTP-20220223,2022-02-23,2022,2,23643313423251.08,6504427056025.24,30147740479276.32,-1862342941.95,78.42,0.00
DTP-20220224,2022-02-24,2022,2,23650094462737.71,6506650764801.72,30156745227539.43,9004748263.11,78.42,0.00
DTP-20220225,2022-02-25,2022,2,23674701459931.29,6506604580769.81,30181306040701.10,24560813161.67,78.44,-0.00
DTP-20220228,2022-02-28,2022,2,23776559880654.69,6513792792133.57,30290352672788.26,109046632087.16,78.50,0.00
DTP-20220301,2022-03-01,2022,2,23760884566152.14,6479014315903.30,30239898882055.44,-50453790732.82,78.57,0.00
DTP-20220302,2022-03-02,2022,2,23761655231136.13,6489948843629.01,30251604074765.14,11705192709.70,78.55,0.00
DTP-20220303,2022-03-03,2022,2,23767848090519.97,6478068252485.80,30245916343005.77,-5687731759.37,78.58,0.00
DTP-20220304,2022-03-04,2022,2,23768629464692.05,6479464483298.34,30248093947990.39,2177604984.62,78.58,0.00
DTP-20220307,2022-03-07,2022,2,23769812566803.95,6485849737396.72,30255662304200.67,7568356210.28,78.56,-0.00
DTP-20220308,2022-03-08,2022,2,23756027666634.96,6499095186047.86,30255122852682.82,-539451517.85,78.52,0.00
DTP-20220309,2022-03-09,2022,2,23756649906514.66,6482385906913.23,30239035813427.89,-16087039254.93,78.56,0.00
DTP-20220310,2022-03-10,2022,2,23703290948350.70,6465864713794.31,30169155662145.01,-69880151282.88,78.57,-0.00
DTP-20220311,2022-03-11,2022,2,23704961287210.77,6466386386466.36,30171347673677.13,2192011532.12,78.57,0.00
DTP-20220314,2022-03-14,2022,2,23706410557359.65,6486332579139.86,30192743136499.51,21395462822.38,78.52,-0.00
DTP-20220315,2022-03-15,2022,2,23772836781526.72,6496526705520.43,30269363487047.15,76620350547.64,78.54,0.00
DTP-20220316,2022-03-16,2022,2,23773649542061.15,6483343624238.37,30256993166299.52,-12370320747.63,78.57,0.00
DTP-20220317,2022-03-17,2022,2,23786300309155.52,6495682618972.40,30281982928127.92,24989761828.40,78.55,0.00
DTP-20220318,2022-03-18,2022,2,23787659867729.49,6496915869938.85,30284575737668.34,2592809540.42,78.55,-0.00
DTP-20220321,2022-03-21,2022,2,23789792101768.08,6503147999534.63,30292940101302.71,8364363634.37,78.53,-0.00
DTP-20220322,2022-03-22,2022,2,23777405061375.42,6513638697157.18,30291043758532.60,-1896342770.11,78.50,0.00
DTP-20220323,2022-03-23,2022,2,23778997678615.26,6499419654752.79,30278417333368.05,-12626425164.55,78.53,0.00
DTP-20220324,2022-03-24,2022,2,23779423004315.70,6499223891513.29,30278646895828.99,229562460.94,78.54,0.00
DTP-20220325,2022-03-25,2022,2,23802522106432.78,6507939873264.30,30310461979697.08,31815083868.09,78.53,0.00
DTP-20220328,2022-03-28,2022,2,23804407189474.30,6512008255649.32,30316415445123.62,5953465426.54,78.52,0.00
DTP-20220329,2022-03-29,2022,2,23774340616832.05,6521317612945.30,30295658229777.35,-20757215346.27,78.47,0.00
DTP-20220330,2022-03-30,2022,2,23774952716381.74,6522773025833.11,30297725742214.85,2067512437.50,78.47,-0.00
DTP-20220331,2022-03-31,2022,2,23879767750374.44,6521192177806.53,30400959928180.97,103234185966.12,78.55,0.00
DTP-20220401,2022-04-01,2022,3,23876871508574.59,6464859412839.09,30341730921413.68,-59229006767.29,78.69,0.00
DTP-20220404,2022-04-04,2022,3,23877671033998.57,6482571354884.25,30360242388882.82,18511467469.14,78.65,0.00
DTP-20220405,2022-04-05,2022,3,23848224477303.94,6496535251126.03,30344759728429.97,-15482660452.85,78.59,0.00
DTP-20220406,2022-04-06,2022,3,23847773785495.59,6498970051447.93,30346743836943.52,1984108513.55,78.58,0.00
DTP-20220407,2022-04-07,2022,3,23850625204969.95,6504935773837.47,30355560978807.42,8817141863.90,78.57,-0.00
DTP-20220408,2022-04-08,2022,3,23849447857187.93,6508805515338.89,30358253372526.82,2692393719.40,78.56,0.00
DTP-20220411,2022-04-11,2022,3,23850958883454.16,6515190901322.40,30366149784776.56,7896412249.74,78.54,0.00
DTP-20220412,2022-04-12,2022,3,23827481704084.16,6525634451316.09,30353116155400.25,-13033629376.31,78.50,0.00
DTP-20220413,2022-04-13,2022,3,23827992412843.03,6509956115038.06,30337948527881.09,-15167627519.16,78.54,0.00
DTP-20220414,2022-04-14,2022,3,23831840440480.41,6516287937706.05,30348128378186.46,10179850305.37,78.53,0.00
DTP-20220415,2022-04-15,2022,3,23742712293275.44,6540488115909.63,30283200409185.07,-64927969001.39,78.40,0.00
DTP-20220418,2022-04-18,2022,3,23868824106796.53,6551821953174.27,30420646059970.80,137445650785.73,78.46,0.00
DTP-20220419,2022-04-19,2022,3,23844892472878.59,6579138738222.27,30424031211100.86,3385151130.06,78.38,0.00
DTP-20220420,2022-04-20,2022,3,23844550883060.78,6564469860414.03,30409020743474.81,-15010467626.05,78.41,0.00
DTP-20220421,2022-04-21,2022,3,23844948076493.78,6572873202360.61,30417821278854.39,8800535379.58,78.39,0.00
DTP-20220422,2022-04-22,2022,3,23845724960882.41,6575170904191.14,30420895865073.55,3074586219.16,78.39,0.00
DTP-20220425,2022-04-25,2022,3,23847559906008.04,6589039100614.77,30436599006622.81,15703141549.26,78.35,0.00
DTP-20220426,2022-04-26,2022,3,23833250536651.21,6596692615943.35,30429943152594.56,-6655854028.25,78.32,0.00
DTP-20220427,2022-04-27,2022,3,23835678346099.82,6580928953645.39,30416607299745.21,-13335852849.35,78.36,0.00
DTP-20220428,2022-04-28,2022,3,23824798178720.12,6577782321533.87,30402580500253.99,-14026799491.22,78.36,0.00
DTP-20220429,2022-04-29,2022,3,23847245116757.60,6526909395140.41,30374154511898.01,-28425988355.98,78.51,0.00
DTP-20220502,2022-05-02,2022,3,23875234532634.35,6527387368378.16,30402621901012.51,28467389114.50,78.53,0.00
DTP-20220503,2022-05-03,2022,3,23862621422333.01,6540776961795.45,30403398384128.46,776483115.95,78.49,0.00
DTP-20220504,2022-05-04,2022,3,23864363727716.02,6545769270504.14,30410132998220.16,6734614091.70,78.48,0.00
DTP-20220505,2022-05-05,2022,3,23844952001831.40,6554345357455.08,30399297359286.48,-10835638933.68,78.44,-0.00
DTP-20220506,2022-05-06,2022,3,23846960649213.85,6558908353859.35,30405869003073.20,6571643786.72,78.43,0.00
DTP-20220509,2022-05-09,2022,3,23848804616521.92,6565883059265.05,30414687675786.97,8818672713.77,78.41,0.00
DTP-20220510,2022-05-10,2022,3,23836187718547.96,6577159911721.09,30413347630269.05,-1340045517.92,78.37,0.00
DTP-20220511,2022-05-11,2022,3,23836594143128.62,6559682938976.88,30396277082105.50,-17070548163.55,78.42,0.00
DTP-20220512,2022-05-12,2022,3,23818175829206.51,6564094520052.19,30382270349258.70,-14006732846.80,78.39,0.00
DTP-20220513,2022-05-13,2022,3,23819289486265.17,6564009782614.36,30383299268879.53,1028919620.83,78.40,0.00
DTP-20220516,2022-05-16,2022,3,23873830600715.82,6572378491973.29,30446209092689.11,62909823809.58,78.41,0.00
DTP-20220517,2022-05-17,2022,3,23861554218139.08,6587363460814.50,30448917678953.58,2708586264.47,78.37,0.00
DTP-20220518,2022-05-18,2022,3,23862533970642.43,6571104193016.76,30433638163659.19,-15279515294.39,78.41,-0.00
DTP-20220519,2022-05-19,2022,3,23840146048104.13,6577144170484.47,30417290218588.60,-16347945070.59,78.38,-0.00
DTP-20220520,2022-05-20,2022,3,23838574996348.87,6577983373773.27,30416558370122.14,-731848466.46,78.37,0.00
DTP-20220523,2022-05-23,2022,3,23841258077655.25,6584014510460.00,30425272588115.25,8714217993.11,78.36,0.00
DTP-20220524,2022-05-24,2022,3,23832717230524.74,6603767982848.62,30436485213373.36,11212625258.11,78.30,0.00
DTP-20220525,2022-05-25,2022,3,23833748517379.58,6587178810171.32,30420927327550.90,-15557885822.46,78.35,0.00
DTP-20220526,2022-05-26,2022,3,23809737647931.04,6591847395776.43,30401585043707.47,-19342283843.43,78.32,0.00
DTP-20220527,2022-05-27,2022,3,23832623846690.77,6591867471536.73,30424491318227.50,22906274520.03,78.33,0.00
DTP-20220531,2022-05-31,2022,3,23904391446377.85,6595227074868.94,30499618521246.79,75127203019.29,78.38,0.00
DTP-20220601,2022-06-01,2022,3,23901123998249.97,6539854091006.74,30440978089256.71,-58640431990.08,78.52,0.00
DTP-20220602,2022-06-02,2022,3,23880949611916.73,6544709461402.31,30425659073319.04,-15319015937.67,78.49,0.00
DTP-20220603,2022-06-03,2022,3,23880625503340.64,6531925121436.12,30412550624776.76,-13108448542.28,78.52,0.00
DTP-20220606,2022-06-06,2022,3,23882174574916.76,6538712644458.26,30420887219375.02,8336594598.26,78.51,0.00
DTP-20220607,2022-06-07,2022,3,23872184873595.67,6545402258350.49,30417587131946.16,-3300087428.86,78.48,0.00
DTP-20220608,2022-06-08,2022,3,23872735297279.37,6543748050152.94,30416483347432.31,-1103784513.85,78.49,0.00
DTP-20220609,2022-06-09,2022,3,23849445135818.63,6547319103870.67,30396764239689.30,-19719107743.01,78.46,-0.00
DTP-20220610,2022-06-10,2022,3,23849474859571.62,6546487683962.71,30395962543534.33,-801696154.97,78.46,0.00
DTP-20220613,2022-06-13,2022,3,23849889487367.57,6551339335949.99,30401228823317.56,5266279783.23,78.45,0.00
DTP-20220614,2022-06-14,2022,3,23840725394402.90,6561646614972.90,30402372009375.80,1143186058.24,78.42,-0.00
DTP-20220615,2022-06-15,2022,3,23899977909751.77,6550450080061.52,30450427989813.29,48055980437.49,78.49,0.00
DTP-20220616,2022-06-16,2022,3,23876682603860.46,6559957560767.33,30436640164627.79,-13787825185.50,78.45,0.00
DTP-20220617,2022-06-17,2022,3,23879069528264.11,6568655037314.78,30447724565578.89,11084400951.10,78.43,0.00
DTP-20220621,2022-06-21,2022,3,23870090956247.71,6574260867761.71,30444351824009.42,-3372741569.47,78.41,0.00
DTP-20220622,2022-06-22,2022,3,23871683179793.21,6566757852466.19,30438441032259.40,-5910791750.02,78.43,0.00
DTP-20220623,2022-06-23,2022,3,23852955061361.41,6569340988851.23,30422296050212.64,-16144982046.76,78.41,0.00
DTP-20220624,2022-06-24,2022,3,23876061756550.94,6583056323308.76,30459118079859.70,36822029647.06,78.39,0.00
DTP-20220627,2022-06-27,2022,3,23877620707674.42,6587858195386.72,30465478903061.14,6360823201.44,78.38,0.00
DTP-20220628,2022-06-28,2022,3,23874198004998.78,6598433496346.47,30472631501345.25,7152598284.11,78.35,0.00
DTP-20220629,2022-06-29,2022,3,23874314385857.11,6597631021175.43,30471945407032.54,-686094312.71,78.35,0.00
DTP-20220630,2022-06-30,2022,3,23912159729664.37,6656422299394.58,30568582029058.95,96636622026.41,78.22,0.00
DTP-20220701,2022-07-01,2022,4,23907043409165.39,6579125390132.29,30486168799297.68,-82413229761.27,78.42,0.00
DTP-20220705,2022-07-05,2022,4,23905300285648.70,6594467344393.95,30499767630042.65,13598830744.97,78.38,0.00
DTP-20220706,2022-07-06,2022,4,23907379587637.67,6616381594039.57,30523761181677.24,23993551634.59,78.32,0.00
DTP-20220707,2022-07-07,2022,4,23887764405631.71,6618471936243.31,30506236341875.02,-17524839802.22,78.30,0.00
DTP-20220708,2022-07-08,2022,4,23885954225244.84,6622339584264.49,30508293809509.33,2057467634.31,78.29,0.00
DTP-20220711,2022-07-11,2022,4,23888492594959.37,6630808408433.88,30519301003393.25,11007193883.92,78.27,0.00
DTP-20220712,2022-07-12,2022,4,23884255855136.96,6640726273714.10,30524982128851.06,5681125457.81,78.24,0.00
DTP-20220713,2022-07-13,2022,4,23884607386844.94,6622245836856.72,30506853223701.66,-18128905149.40,78.29,0.00
DTP-20220714,2022-07-14,2022,4,23869748457708.38,6622970283512.88,30492718741221.26,-14134482480.40,78.28,-0.00
DTP-20220715,2022-07-15,2022,4,23886461499060.70,6628837094877.06,30515298593937.76,22579852716.50,78.28,-0.00
DTP-20220718,2022-07-18,2022,4,23888760234588.95,6634980813885.83,30523741048474.78,8442454537.02,78.26,0.00
DTP-20220719,2022-07-19,2022,4,23904694525375.66,6648969370284.60,30553663895660.26,29922847185.48,78.24,-0.00
DTP-20220720,2022-07-20,2022,4,23905417095182.62,6626612810259.54,30532029905442.16,-21633990218.10,78.30,0.00
DTP-20220721,2022-07-21,2022,4,23893927868017.57,6633669823269.19,30527597691286.76,-4432214155.40,78.27,0.00
DTP-20220722,2022-07-22,2022,4,23894509345529.13,6635363912123.91,30529873257653.04,2275566366.28,78.27,0.00
DTP-20220725,2022-07-25,2022,4,23896763874312.44,6646795950868.96,30543559825181.40,13686567528.36,78.24,0.00
DTP-20220726,2022-07-26,2022,4,23937355436875.30,6660907485974.42,30598262922849.72,54703097668.32,78.23,0.00
DTP-20220727,2022-07-27,2022,4,23938026629298.98,6643604020967.56,30581630650266.54,-16632272583.18,78.28,0.00
DTP-20220728,2022-07-28,2022,4,23934024135680.86,6646901251175.86,30580925386856.72,-705263409.82,78.26,0.00
DTP-20220729,2022-07-29,2022,4,23952579183056.89,6642529384133.17,30595108567190.06,14183180333.34,78.29,0.00
DTP-20220801,2022-08-01,2022,4,23941782429899.12,6594628110655.06,30536410540554.18,-58698026635.88,78.40,0.00
DTP-20220802,2022-08-02,2022,4,23982476636558.98,6613492934210.79,30595969570769.77,59559030215.59,78.38,0.00
DTP-20220803,2022-08-03,2022,4,23982581351353.18,6598676476767.61,30581257828120.79,-14711742648.98,78.42,0.00
DTP-20220804,2022-08-04,2022,4,23983681402419.74,6604894986692.72,30588576389112.46,7318560991.67,78.41,-0.00
DTP-20220805,2022-08-05,2022,4,23983838470700.05,6605441764159.29,30589280234859.34,703845746.88,78.41,0.00
DTP-20220808,2022-08-08,2022,4,23986683311303.22,6614242183344.44,30600925494647.66,11645259788.32,78.39,0.00
DTP-20220809,2022-08-09,2022,4,24027688178378.89,6624213485619.08,30651901663997.97,50976169350.31,78.39,0.00
DTP-20220810,2022-08-10,2022,4,24028355531684.22,6628126123442.95,30656481655127.17,4579991129.20,78.38,-0.00
DTP-20220811,2022-08-11,2022,4,24029273779535.94,6630984025364.79,30660257804900.73,3776149773.56,78.37,0.00
DTP-20220812,2022-08-12,2022,4,24029790764887.23,6632109856312.75,30661900621199.98,1642816299.25,78.37,0.00
DTP-20220815,2022-08-15,2022,4,24051002065916.77,6644426581211.61,30695428647128.38,33528025928.40,78.35,0.00
DTP-20220816,2022-08-16,2022,4,24081843468911.97,6654745840151.54,30736589309063.51,41160661935.13,78.35,-0.00
DTP-20220817,2022-08-17,2022,4,24082096945371.80,6642301608778.11,30724398554149.91,-12190754913.60,78.38,0.00
DTP-20220818,2022-08-18,2022,4,24084274136453.14,6645639407365.55,30729913543818.69,5514989668.78,78.37,0.00
DTP-20220819,2022-08-19,2022,4,24084753661617.55,6646638290748.80,30731391952366.35,1478408547.66,78.37,0.00
DTP-20220822,2022-08-22,2022,4,24087312326304.38,6652980278923.47,30740292605227.85,8900652861.50,78.36,-0.00
DTP-20220823,2022-08-23,2022,4,24109372250554.94,6668065382631.71,30777437633186.65,37145027958.80,78.33,0.00
DTP-20220824,2022-08-24,2022,4,24109361188937.07,6642467161463.08,30751828350400.15,-25609282786.50,78.40,0.00
DTP-20220825,2022-08-25,2022,4,24170525091479.93,6653855517282.95,30824380608762.88,72552258362.73,78.41,0.00
DTP-20220826,2022-08-26,2022,4,24193808246140.62,6653184601954.04,30846992848094.66,22612239331.78,78.43,0.00
DTP-20220829,2022-08-29,2022,4,24195947091069.71,6656205269306.38,30852152360376.09,5159512281.43,78.43,0.00
DTP-20220830,2022-08-30,2022,4,24216548517136.84,6662551003248.14,30879099520384.98,26947160008.89,78.42,0.00
DTP-20220831,2022-08-31,2022,4,24267551242280.32,6668523972602.09,30936075214882.41,56975694497.43,78.44,0.00
DTP-20220901,2022-09-01,2022,4,24265237267051.03,6614126256805.85,30879363523856.88,-56711691025.53,78.58,0.00
DTP-20220902,2022-09-02,2022,4,24265249353650.98,6606786130363.50,30872035484014.48,-7328039842.40,78.60,0.00
DTP-20220906,2022-09-06,2022,4,24273892938014.51,6614009088830.26,30887902026844.77,15866542830.29,78.59,0.00
DTP-20220907,2022-09-07,2022,4,24275742755323.11,6622133870686.20,30897876626009.31,9974599164.54,78.57,0.00
DTP-20220908,2022-09-08,2022,4,24277401630153.32,6616721459966.12,30894123090119.44,-3753535889.87,78.58,0.00
DTP-20220909,2022-09-09,2022,4,24277780650175.09,6616313473208.45,30894094123383.54,-28966735.90,78.58,0.00
DTP-20220912,2022-09-12,2022,4,24277951601745.72,6620250167006.02,30898201768751.74,4107645368.20,78.57,0.00
DTP-20220913,2022-09-13,2022,4,24277091954661.92,6625347235484.08,30902439190146.00,4237421394.26,78.56,0.00
DTP-20220914,2022-09-14,2022,4,24277735795734.93,6608104618427.33,30885840414162.26,-16598775983.74,78.60,-0.00
DTP-20220915,2022-09-15,2022,4,24269208569512.02,6617626647501.98,30886835217014.00,994802851.74,78.57,0.00
DTP-20220916,2022-09-16,2022,4,24269701912640.61,6620897283863.85,30890599196504.46,3763979490.46,78.57,0.00
DTP-20220919,2022-09-19,2022,4,24269365041132.85,6631247250276.68,30900612291409.53,10013094905.07,78.54,0.00
DTP-20220920,2022-09-20,2022,4,24259860964887.67,6642163307342.82,30902024272230.49,1411980820.96,78.51,0.00
DTP-20220921,2022-09-21,2022,4,24259893533913.04,6626370352664.43,30886263886577.47,-15760385653.02,78.55,0.00
DTP-20220922,2022-09-22,2022,4,24262119192823.44,6632701730433.94,30894820923257.38,8557036679.91,78.53,0.00
DTP-20220923,2022-09-23,2022,4,24261913752067.08,6637468094777.60,30899381846844.68,4560923587.30,78.52,0.00
DTP-20220926,2022-09-26,2022,4,24261991624316.95,6648240894466.64,30910232518783.59,10850671938.91,78.49,0.00
DTP-20220927,2022-09-27,2022,4,24251204677164.30,6654885336784.99,30906090013949.29,-4142504834.30,78.47,0.00
DTP-20220928,2022-09-28,2022,4,24251147924159.27,6636117250859.31,30887265175018.58,-18824838930.71,78.52,0.00
DTP-20220929,2022-09-29,2022,4,24252296040720.49,6619068314658.76,30871364355379.25,-15900819639.33,78.56,0.00
DTP-20220930,2022-09-30,2022,4,24299192620158.51,6629718993148.22,30928911613306.73,57547257927.48,78.56,0.00
DTP-20221003,2022-10-03,2023,1,24294113407974.24,6829774373427.10,31123887781401.34,194976168094.61,78.06,-0.00
DTP-20221004,2022-10-04,2023,1,24288376193590.75,6848642913463.43,31137019107054.18,13131325652.84,78.00,0.00
DTP-20221005,2022-10-05,2023,1,24288995636259.98,6853595671000.03,31142591307260.01,5572200205.83,77.99,0.00
DTP-20221006,2022-10-06,2023,1,24289853540356.64,6859266200918.03,31149119741274.67,6528434014.66,77.98,0.00
DTP-20221007,2022-10-07,2023,1,24289555258726.70,6859331563771.16,31148886822497.86,-232918776.81,77.98,0.00
DTP-20221011,2022-10-11,2023,1,24284148392021.21,6867466508167.58,31151614900188.79,2728077690.93,77.95,0.00
DTP-20221012,2022-10-12,2023,1,24284135644567.68,6859579034417.00,31143714678984.68,-7900221204.11,77.97,0.00
DTP-20221013,2022-10-13,2023,1,24285309326318.59,6859643403011.61,31144952729330.20,1238050345.52,77.98,0.00
DTP-20221014,2022-10-14,2023,1,24285155079568.71,6863069122179.60,31148224201748.31,3271472418.11,77.97,0.00
DTP-20221017,2022-10-17,2023,1,24337797792146.07,6873628200679.08,31211425992825.15,63201791076.84,77.98,0.00
DTP-20221018,2022-10-18,2023,1,24349884301200.28,6889123229662.68,31239007530862.96,27581538037.81,77.95,0.00
DTP-20221019,2022-10-19,2023,1,24349997077337.59,6871580817961.73,31221577895299.32,-17429635563.64,77.99,0.00
DTP-20221020,2022-10-20,2023,1,24347230421264.75,6879546823056.13,31226777244320.88,5199349021.56,77.97,0.00
DTP-20221021,2022-10-21,2023,1,24347298846397.92,6881294624487.35,31228593470885.27,1816226564.39,77.96,0.00
DTP-20221024,2022-10-24,2023,1,24347817271984.35,6882327396966.05,31230144668950.40,1551198065.13,77.96,0.00
DTP-20221025,2022-10-25,2023,1,24370660275741.41,6897141188889.02,31267801464630.43,37656795680.03,77.94,0.00
DTP-20221026,2022-10-26,2023,1,24371286875157.24,6880977664498.74,31252264539655.98,-15536924974.45,77.98,-0.00
DTP-20221027,2022-10-27,2023,1,24374113303700.19,6883641435546.75,31257754739246.94,5490199590.96,77.98,0.00
DTP-20221028,2022-10-28,2023,1,24375346150436.82,6881061648828.00,31256407799264.82,-1346939982.12,77.99,0.00
DTP-20221031,2022-10-31,2023,1,24352541663465.59,6885759485893.93,31238301149359.52,-18106649905.30,77.96,0.00
DTP-20221101,2022-11-01,2023,1,24378511504145.56,6833222137728.42,31211733641873.98,-26567507485.54,78.11,-0.00
DTP-20221102,2022-11-02,2023,1,24378672839101.38,6843169830692.35,31221842669793.73,10109027919.75,78.08,-0.00
DTP-20221103,2022-11-03,2023,1,24386445346851.25,6832500073416.31,31218945420267.56,-2897249526.17,78.11,0.00
DTP-20221104,2022-11-04,2023,1,24386136917562.59,6833994714013.79,31220131631576.38,1186211308.82,78.11,0.00
DTP-20221107,2022-11-07,2023,1,24386696051495.91,6836841623070.59,31223537674566.50,3406042990.12,78.10,0.00
DTP-20221108,2022-11-08,2023,1,24414960171859.34,6846677045882.00,31261637217741.34,38099543174.84,78.10,0.00
DTP-20221109,2022-11-09,2023,1,24415475380398.35,6828167595385.84,31243642975784.19,-17994241957.15,78.15,0.00
DTP-20221110,2022-11-10,2023,1,24421759397777.80,6830252554628.80,31252011952406.60,8368976622.41,78.14,0.00
DTP-20221114,2022-11-14,2023,1,24422187334127.25,6833093859910.44,31255281194037.69,3269241631.09,78.14,0.00
DTP-20221115,2022-11-15,2023,1,24439731241217.50,6848442033787.73,31288173275005.23,32892080967.54,78.11,0.00
DTP-20221116,2022-11-16,2023,1,24440834832198.03,6830838776892.18,31271673609090.21,-16499665915.02,78.16,0.00
DTP-20221117,2022-11-17,2023,1,24445390138404.45,6839810386593.25,31285200524997.70,13526915907.49,78.14,0.00
DTP-20221118,2022-11-18,2023,1,24445286394751.42,6837394972193.86,31282681366945.28,-2519158052.42,78.14,0.00
DTP-20221121,2022-11-21,2023,1,24445710962416.74,6841630894616.68,31287341857033.42,4660490088.14,78.13,-0.00
DTP-20221122,2022-11-22,2023,1,24498940310307.41,6849522229857.35,31348462540164.76,61120683131.34,78.15,-0.00
DTP-20221123,2022-11-23,2023,1,24498705045728.79,6835328364836.04,31334033410564.83,-14429129599.93,78.19,0.00
DTP-20221125,2022-11-25,2023,1,24524431584946.76,6843350600328.40,31367782185275.16,33748774710.33,78.18,0.00
DTP-20221128,2022-11-28,2023,1,24522908434421.07,6847909609694.73,31370818044115.80,3035858840.64,78.17,0.00
DTP-20221129,2022-11-29,2023,1,24518730678216.08,6855104860475.34,31373835538691.42,3017494575.62,78.15,-0.00
DTP-20221130,2022-11-30,2023,1,24553456579697.93,6859865885618.37,31413322465316.30,39486926624.88,78.16,0.00
DTP-20221201,2022-12-01,2023,1,24548085263208.48,6815139225725.85,31363224488934.33,-50097976381.97,78.27,0.00
DTP-20221202,2022-12-02,2023,1,24546284664471.75,6803852701618.11,31350137366089.86,-13087122844.47,78.30,0.00
DTP-20221205,2022-12-05,2023,1,24545057009666.98,6807740917611.00,31352797927277.98,2660561188.12,78.29,0.00
DTP-20221206,2022-12-06,2023,1,24525522795969.07,6813023012000.82,31338545807969.89,-14252119308.09,78.26,0.00
DTP-20221207,2022-12-07,2023,1,24522778382020.78,6812308900718.26,31335087282739.04,-3458525230.85,78.26,0.00
DTP-20221208,2022-12-08,2023,1,24483967184989.59,6826827932662.89,31310795117652.48,-24292165086.56,78.20,0.00
DTP-20221209,2022-12-09,2023,1,24483317280902.30,6828022538244.18,31311339819146.48,544701494.00,78.19,0.00
DTP-20221212,2022-12-12,2023,1,24484165270687.53,6833517241050.57,31317682511738.10,6342692591.62,78.18,0.00
DTP-20221213,2022-12-13,2023,1,24462245795846.61,6841899329218.49,31304145125065.10,-13537386673.00,78.14,0.00
DTP-20221214,2022-12-14,2023,1,24460952760896.41,6823359947081.11,31284312707977.52,-19832417087.58,78.19,0.00
DTP-20221215,2022-12-15,2023,1,24512614034405.35,6807013274028.77,31319627308434.12,35314600456.60,78.27,0.00
DTP-20221216,2022-12-16,2023,1,24513353055221.64,6833773904622.68,31347126959844.32,27499651410.20,78.20,0.00
DTP-20221219,2022-12-19,2023,1,24513285125511.79,6841967524017.86,31355252649529.65,8125689685.33,78.18,0.00
DTP-20221220,2022-12-20,2023,1,24486055520669.80,6850669680331.92,31336725201001.72,-18527448527.93,78.14,0.00
DTP-20221221,2022-12-21,2023,1,24486773540644.66,6832771132379.42,31319544673024.08,-17180527977.64,78.18,0.00
DTP-20221222,2022-12-22,2023,1,24489806162692.45,6837672495017.97,31327478657710.42,7933984686.34,78.17,-0.00
DTP-20221223,2022-12-23,2023,1,24490152364372.34,6855804643064.64,31345957007436.98,18478349726.56,78.13,0.00
DTP-20221227,2022-12-27,2023,1,24473926570106.05,6862118748337.79,31336045318443.84,-9911688993.14,78.10,0.00
DTP-20221228,2022-12-28,2023,1,24474954689462.91,6849442138551.11,31324396828014.02,-11648490429.82,78.13,0.00
DTP-20221229,2022-12-29,2023,1,24476186628276.12,6850117320895.60,31326303949171.72,1907121157.70,78.13,0.00
DTP-20221230,2022-12-30,2023,1,24517593324394.19,6902096097163.71,31419689421557.90,93385472386.18,78.03,0.00
DTP-20230103,2023-01-03,2023,2,24507554337075.14,6843631783954.80,31351186121029.94,-68503300527.96,78.17,0.00
DTP-20230104,2023-01-04,2023,2,24507810943956.64,6867738307192.66,31375549251149.30,24363130119.36,78.11,0.00
DTP-20230105,2023-01-05,2023,2,24510300399440.90,6870009587249.12,31380309986690.02,4760735540.72,78.11,0.00
DTP-20230106,2023-01-06,2023,2,24510694268778.74,6874750261355.37,31385444530134.11,5134543444.09,78.10,0.00
DTP-20230109,2023-01-09,2023,2,24510491360745.09,6878389159616.87,31388880520361.96,3435990227.85,78.09,0.00
DTP-20230110,2023-01-10,2023,2,24503808492232.59,6891324624480.60,31395133116713.19,6252596351.23,78.05,-0.00
DTP-20230111,2023-01-11,2023,2,24503936952202.58,6871205046472.39,31375141998674.97,-19991118038.22,78.10,0.00
DTP-20230112,2023-01-12,2023,2,24508970410562.73,6875215832367.95,31384186242930.68,9044244255.71,78.09,0.00
DTP-20230113,2023-01-13,2023,2,24509049953688.03,6875444622065.73,31384494575753.76,308332823.08,78.09,0.00
DTP-20230117,2023-01-17,2023,2,24529073534926.79,6887365032577.67,31416438567504.46,31943991750.70,78.08,0.00
DTP-20230118,2023-01-18,2023,2,24529263311432.61,6885097249496.18,31414360560928.79,-2078006575.67,78.08,0.00
DTP-20230119,2023-01-19,2023,2,24597726186235.73,6857678348481.85,31455404534717.58,41043973788.79,78.20,0.00
DTP-20230120,2023-01-20,2023,2,24597711562696.43,6857268443045.97,31454980005742.40,-424528975.18,78.20,0.00
DTP-20230123,2023-01-23,2023,2,24597079083052.30,6856627431441.51,31453706514493.81,-1273491248.59,78.20,0.00
DTP-20230124,2023-01-24,2023,2,24588029392842.30,6866818436909.03,31454847829751.33,1141315257.52,78.17,0.00
DTP-20230125,2023-01-25,2023,2,24601728913404.86,6852679231043.18,31454408144448.04,-439685303.29,78.21,0.00
DTP-20230126,2023-01-26,2023,2,24595370749863.17,6862325460574.27,31457696210437.44,3288065989.40,78.19,0.00
DTP-20230127,2023-01-27,2023,2,24594507779579.46,6862739414413.03,31457247193992.49,-449016444.95,78.18,0.00
DTP-20230130,2023-01-30,2023,2,24591455277525.03,6864447472333.25,31455902749858.28,-1344444134.21,78.18,0.00
DTP-20230131,2023-01-31,2023,2,24583993573074.66,6870988654664.50,31454982227739.16,-920522119.12,78.16,0.00
DTP-20230201,2023-02-01,2023,2,24627866879154.63,6826658524699.08,31454525403853.71,-456823885.45,78.30,0.00
DTP-20230202,2023-02-02,2023,2,24614111117623.54,6842051083065.44,31456162200688.98,1636796835.27,78.25,0.00
DTP-20230203,2023-02-03,2023,2,24632540316493.99,6823160472707.70,31455700789201.69,-461411487.29,78.31,-0.00
DTP-20230206,2023-02-06,2023,2,24625672259290.92,6828644369333.43,31454316628624.35,-1384160577.34,78.29,0.00
DTP-20230207,2023-02-07,2023,2,24615758519222.41,6839348282569.04,31455106801791.45,790173167.10,78.26,0.00
DTP-20230208,2023-02-08,2023,2,24633964941304.68,6820672048348.59,31454636989653.27,-469812138.18,78.32,0.00
DTP-20230209,2023-02-09,2023,2,24632706860395.91,6823514069774.77,31456220930170.68,1583940517.41,78.31,0.00
DTP-20230210,2023-02-10,2023,2,24631981684311.92,6823765158936.24,31455746843248.16,-474086922.52,78.31,0.00
DTP-20230213,2023-02-13,2023,2,24628372758461.60,6825951978918.10,31454324737379.70,-1422105868.46,78.30,0.00
DTP-20230214,2023-02-14,2023,2,24620832367364.22,6834287258719.87,31455119626084.09,794888704.39,78.27,0.00
DTP-20230215,2023-02-15,2023,2,24632690699646.77,6822184645392.67,31454875345039.44,-244281044.65,78.31,-0.00
DTP-20230216,2023-02-16,2023,2,24629050125670.81,6827504504825.47,31456554630496.28,1679285456.84,78.30,-0.00
DTP-20230217,2023-02-17,2023,2,24622821116330.88,6833245712467.66,31456066828798.54,-487801697.74,78.28,0.00
DTP-20230221,2023-02-21,2023,2,24617040735960.56,6838368662277.79,31455409398238.35,-657430560.19,78.26,-0.00
DTP-20230222,2023-02-22,2023,2,24617347968404.01,6837569237298.36,31454917205702.37,-492192535.98,78.26,0.00
DTP-20230223,2023-02-23,2023,2,24622064217855.12,6836280295196.28,31458344513051.40,3427307349.03,78.27,0.00
DTP-20230224,2023-02-24,2023,2,24614739029627.85,6843111779176.57,31457850808804.42,-493704246.98,78.25,0.00
DTP-20230227,2023-02-27,2023,2,24613895583877.09,6842475119551.23,31456370703428.32,-1480105376.10,78.25,0.00
DTP-20230228,2023-02-28,2023,2,24609240801721.77,6850050656857.69,31459291458579.46,2920755151.14,78.23,0.00
DTP-20230301,2023-03-01,2023,2,24651114436516.83,6807963062626.35,31459077499143.18,-213959436.28,78.36,0.00
DTP-20230302,2023-03-02,2023,2,24638428808442.94,6822270481572.07,31460699290015.01,1621790871.83,78.31,0.00
DTP-20230303,2023-03-03,2023,2,24656606027326.08,6803593175960.65,31460199203286.73,-500086728.28,78.37,-0.00
DTP-20230306,2023-03-06,2023,2,24648784848938.02,6809914026814.63,31458698875752.65,-1500327534.08,78.35,0.00
DTP-20230307,2023-03-07,2023,2,24638105509923.23,6821404118265.70,31459509628188.93,810752436.28,78.32,0.00
DTP-20230308,2023-03-08,2023,2,24655743073935.02,6803263085634.60,31459006159569.62,-503468619.31,78.37,-0.00
DTP-20230309,2023-03-09,2023,2,24648520075669.90,6812009483924.79,31460529559594.69,1523400025.07,78.35,-0.00
DTP-20230310,2023-03-10,2023,2,24694495096597.19,6765534458250.42,31460029554847.61,-500004747.08,78.49,0.00
DTP-20230313,2023-03-13,2023,2,24688026061245.58,6770503626776.63,31458529688022.21,-1499866825.40,78.48,-0.00
DTP-20230314,2023-03-14,2023,2,24635939474269.94,6823360387010.22,31459299861280.16,770173257.95,78.31,0.00
DTP-20230315,2023-03-15,2023,2,24653951364406.07,6804847893829.41,31458799258235.48,-500603044.68,78.37,0.00
DTP-20230316,2023-03-16,2023,2,24651327466524.76,6808929162699.81,31460256629224.57,1457370989.09,78.36,0.00
DTP-20230317,2023-03-17,2023,2,24642348579839.15,6817405678290.71,31459754258129.86,-502371094.71,78.33,0.00
DTP-20230320,2023-03-20,2023,2,24660461245713.11,6797786320259.93,31458247565973.04,-1506692156.82,78.39,0.00
DTP-20230321,2023-03-21,2023,2,24654812423447.06,6804065637157.62,31458878060604.68,630494631.64,78.37,0.00
DTP-20230322,2023-03-22,2023,2,24672395872106.05,6785982901386.66,31458378773492.71,-499287111.97,78.43,0.00
DTP-20230323,2023-03-23,2023,2,24672446327613.34,6788843837971.41,31461290165584.75,2911392092.04,78.42,0.00
DTP-20230324,2023-03-24,2023,2,24670017751549.63,6790767207369.65,31460784958919.28,-505206665.47,78.42,0.00
DTP-20230327,2023-03-27,2023,2,24657636419589.87,6801634274425.01,31459270694014.88,-1514264904.40,78.38,0.00
DTP-20230328,2023-03-28,2023,2,24650286277272.32,6809609472394.87,31459895749667.19,625055652.31,78.35,0.00
DTP-20230329,2023-03-29,2023,2,24649090662093.88,6810303520080.26,31459394182174.14,-501567493.05,78.35,0.00
DTP-20230330,2023-03-30,2023,2,24641815856835.50,6819102055165.14,31460917912000.64,1523729826.50,78.33,0.00
DTP-20230331,2023-03-31,2023,2,24693515037758.24,6764922537269.94,31458437575028.18,-2480336972.46,78.50,0.00
DTP-20230403,2023-04-03,2023,3,24697739971933.05,6759422120102.10,31457162092035.15,-1275482993.03,78.51,0.00
DTP-20230404,2023-04-04,2023,3,24675090313100.14,6782724069791.36,31457814382891.50,652290856.35,78.44,0.00
DTP-20230405,2023-04-05,2023,3,24674103950594.51,6783199274429.07,31457303225023.58,-511157867.92,78.44,0.00
DTP-20230406,2023-04-06,2023,3,24669012664010.21,6789822247715.85,31458834911726.06,1531686702.48,78.42,0.00
DTP-20230407,2023-04-07,2023,3,24669374971133.27,6788949252929.79,31458324224063.06,-510687663.00,78.42,0.00
DTP-20230410,2023-04-10,2023,3,24660050352151.30,6796741794382.60,31456792146533.90,-1532077529.16,78.39,0.00
DTP-20230411,2023-04-11,2023,3,24656053808856.67,6801385332334.48,31457439141191.15,646994657.25,78.38,0.00
DTP-20230412,2023-04-12,2023,3,24675443057972.80,6781486863386.04,31456929921358.84,-509219832.31,78.44,0.00
DTP-20230413,2023-04-13,2023,3,24671975995707.11,6786514895052.29,31458490890759.40,1560969400.56,78.43,0.00
DTP-20230414,2023-04-14,2023,3,24670728299167.00,6787251147574.25,31457979446741.25,-511444018.15,78.42,0.00
DTP-20230417,2023-04-17,2023,3,24641048702094.30,6815396594225.11,31456445296319.41,-1534150421.84,78.33,0.00
DTP-20230418,2023-04-18,2023,3,24627869055404.14,6829250509941.47,31457119565345.61,674269026.20,78.29,0.00
DTP-20230419,2023-04-19,2023,3,24629878779698.90,6826735726155.54,31456614505854.44,-505059491.17,78.30,-0.00
DTP-20230420,2023-04-20,2023,3,24626946141219.75,6833032773668.00,31459978914887.75,3364409033.31,78.28,0.00
DTP-20230421,2023-04-21,2023,3,24620279846808.14,6839189163352.41,31459469010160.55,-509904727.20,78.26,0.00
DTP-20230424,2023-04-24,2023,3,24606854923098.48,6851084917060.91,31457939840159.39,-1529170001.16,78.22,0.00
DTP-20230425,2023-04-25,2023,3,24594031097296.96,6864490103938.27,31458521201235.23,581361075.84,78.18,0.00
DTP-20230426,2023-04-26,2023,3,24609136413572.05,6848878264748.21,31458014678320.26,-506522914.97,78.23,0.00
DTP-20230427,2023-04-27,2023,3,24607260377321.56,6852359298858.09,31459619676179.65,1604997859.39,78.22,0.00
DTP-20230428,2023-04-28,2023,3,24605068022566.94,6852746625848.93,31457814648415.87,-1805027763.78,78.22,0.00
DTP-20230501,2023-05-01,2023,3,24647679693931.41,6809719186519.44,31457398880450.85,-415767965.02,78.35,0.00
DTP-20230502,2023-05-02,2023,3,24620365800256.98,6837631277818.48,31457997078075.46,598197624.61,78.26,0.00
DTP-20230503,2023-05-03,2023,3,24635834770776.97,6821651885886.53,31457486656663.50,-510421411.96,78.31,0.00
DTP-20230504,2023-05-04,2023,3,24638820908771.95,6820470933938.83,31459291842710.78,1805186047.28,78.32,0.00
DTP-20230505,2023-05-05,2023,3,24636096207170.77,6822678594448.98,31458774801619.75,-517041091.03,78.31,0.00
DTP-20230508,2023-05-08,2023,3,24627341968877.85,6829882015666.65,31457223984544.50,-1550817075.25,78.29,0.00
DTP-20230509,2023-05-09,2023,3,24619937084187.34,6838002772968.17,31457939857155.51,715872611.01,78.26,-0.00
DTP-20230510,2023-05-10,2023,3,24641172605144.54,6816249353866.72,31457421959011.26,-517898144.25,78.33,-0.00
DTP-20230511,2023-05-11,2023,3,24639687475035.30,6819364245074.78,31459051720110.08,1629761098.82,78.32,0.00
DTP-20230512,2023-05-12,2023,3,24639658124898.10,6818874044431.71,31458532169329.81,-519550780.27,78.32,0.00
DTP-20230515,2023-05-15,2023,3,24632499077869.51,6824608022837.94,31457107100707.45,-1425068622.36,78.31,0.00
DTP-20230516,2023-05-16,2023,3,24622446659092.64,6836111250599.06,31458557909691.70,1450808984.25,78.27,0.00
DTP-20230517,2023-05-17,2023,3,24637068788324.66,6820965874300.84,31458034662625.50,-523247066.20,78.32,0.00
DTP-20230518,2023-05-18,2023,3,24637327117844.81,6825349417548.85,31462676535393.66,4641872768.16,78.31,-0.00
DTP-20230519,2023-05-19,2023,3,24637236875327.69,6824910441451.25,31462147316778.94,-529218614.72,78.31,0.00
DTP-20230522,2023-05-22,2023,3,24632270448804.39,6828289461752.92,31460559910557.31,-1587406221.63,78.30,0.00
DTP-20230523,2023-05-23,2023,3,24620574476453.96,6841580378448.99,31462154854902.95,1594944345.64,78.25,0.00
DTP-20230524,2023-05-24,2023,3,24635199871338.14,6826418754598.20,31461618625936.34,-536228966.61,78.30,0.00
DTP-20230525,2023-05-25,2023,3,24634289587393.08,6831192654672.39,31465482242065.47,3863616129.13,78.29,0.00
DTP-20230526,2023-05-26,2023,3,24635928951197.20,6829013360342.85,31464942311540.05,-539930525.42,78.30,-0.00
DTP-20230530,2023-05-30,2023,3,24634298664090.12,6829689994675.63,31463988658765.75,-953652774.30,78.29,0.00
DTP-20230531,2023-05-31,2023,3,24630686283413.55,6833771182109.43,31464457465522.98,468806757.23,78.28,0.00
DTP-20230601,2023-06-01,2023,3,24690309627385.24,6777329660509.15,31467639287894.39,3181822371.41,78.46,0.00
DTP-20230602,2023-06-02,2023,3,24702383053957.66,6764716867070.85,31467099921028.51,-539366865.88,78.50,-0.00
DTP-20230605,2023-06-05,2023,3,25032142794296.03,6793536028933.41,31825678823229.44,358578902200.93,78.65,0.00
DTP-20230606,2023-06-06,2023,3,25047398385875.44,6808582354756.38,31855980740631.82,30301917402.38,78.63,0.00
DTP-20230607,2023-06-07,2023,3,25047345441645.83,6809660294701.74,31857005736347.57,1024995715.75,78.62,0.00
DTP-20230608,2023-06-08,2023,3,25067556730313.10,6853700851167.14,31921257581480.24,64251845132.67,78.53,0.00
DTP-20230609,2023-06-09,2023,3,25067359532394.48,6853789232442.51,31921148764836.99,-108816643.25,78.53,0.00
DTP-20230612,2023-06-12,2023,3,25068366483285.59,6857917652737.93,31926284136023.52,5135371186.53,78.52,0.00
DTP-20230613,2023-06-13,2023,3,25103112337735.63,6872182398142.32,31975294735877.95,49010599854.43,78.51,0.00
DTP-20230614,2023-06-14,2023,3,25102753092893.82,6851694167283.85,31954447260177.67,-20847475700.28,78.56,0.00
DTP-20230615,2023-06-15,2023,3,25178340697038.00,6860903777199.54,32039244474237.54,84797214059.87,78.59,0.00
DTP-20230616,2023-06-16,2023,3,25178190392307.09,6866158484695.55,32044348877002.64,5104402765.10,78.57,0.00
DTP-20230620,2023-06-20,2023,3,25228858760169.95,6876344438162.73,32105203198332.68,60854321330.04,78.58,0.00
DTP-20230621,2023-06-21,2023,3,25229448283990.68,6866294081506.81,32095742365497.49,-9460832835.19,78.61,0.00
DTP-20230622,2023-06-22,2023,3,25300472765476.35,6868177132827.59,32168649898303.94,72907532806.45,78.65,0.00
DTP-20230623,2023-06-23,2023,3,25300770075189.85,6871806491457.76,32172576566647.61,3926668343.67,78.64,0.00
DTP-20230626,2023-06-26,2023,3,25301524659262.37,6893802910067.72,32195327569330.09,22751002682.48,78.59,0.00
DTP-20230627,2023-06-27,2023,3,25361694924458.65,6904932744036.02,32266627668494.67,71300099164.58,78.60,-0.00
DTP-20230628,2023-06-28,2023,3,25361829706692.20,6885167293279.59,32246996999971.79,-19630668522.88,78.65,0.00
DTP-20230629,2023-06-29,2023,3,25430243041777.75,6887528328138.10,32317771369915.85,70774369944.06,78.69,0.00
DTP-20230630,2023-06-30,2023,3,25461998188055.84,6870275996707.15,32332274184762.99,14502814847.14,78.75,0.00
DTP-20230703,2023-07-03,2023,4,25459084714008.85,6861775945258.87,32320860659267.72,-11413525495.27,78.77,0.00
DTP-20230705,2023-07-05,2023,4,25519177294520.73,6882950276436.94,32402127570957.67,81266911689.95,78.76,0.00
DTP-20230706,2023-07-06,2023,4,25589897134579.63,6884516187620.92,32474413322200.55,72285751242.88,78.80,-0.00
DTP-20230707,2023-07-07,2023,4,25589710081130.35,6887846940074.65,32477557021205.00,3143699004.45,78.79,0.00
DTP-20230710,2023-07-10,2023,4,25588803096223.83,6892303235964.87,32481106332188.70,3549310983.70,78.78,0.00
DTP-20230711,2023-07-11,2023,4,25633781683720.91,6904685134353.32,32538466818074.23,57360485885.53,78.78,0.00
DTP-20230712,2023-07-12,2023,4,25633821130387.02,6884574686385.15,32518395816772.17,-20071001302.06,78.83,0.00
DTP-20230713,2023-07-13,2023,4,25653457820714.17,6888864972685.43,32542322793399.60,23926976627.43,78.83,0.00
DTP-20230714,2023-07-14,2023,4,25653572867943.31,6888837915123.21,32542410783066.52,87989666.92,78.83,0.00
DTP-20230717,2023-07-17,2023,4,25640127926386.32,6894882259909.02,32535010186295.34,-7400596771.18,78.81,0.00
DTP-20230718,2023-07-18,2023,4,25679320577331.03,6911611290661.74,32590931867992.77,55921681697.43,78.79,0.00
DTP-20230719,2023-07-19,2023,4,25679252837370.23,6890662138007.97,32569914975378.20,-21016892614.57,78.84,0.00
DTP-20230720,2023-07-20,2023,4,25696346915423.59,6895879413477.71,32592226328901.30,22311353523.10,78.84,0.00
DTP-20230721,2023-07-21,2023,4,25696711160445.54,6896251664018.17,32592962824463.71,736495562.41,78.84,0.00
DTP-20230724,2023-07-24,2023,4,25696796546929.52,6900972490264.11,32597769037193.63,4806212729.92,78.83,0.00
DTP-20230725,2023-07-25,2023,4,25731318151865.02,6919905604112.59,32651223755977.61,53454718783.98,78.81,0.00
DTP-20230726,2023-07-26,2023,4,25731546565342.25,6903300137401.85,32634846702744.10,-16377053233.51,78.85,0.00
DTP-20230727,2023-07-27,2023,4,25753140068904.18,6906238622345.23,32659378691249.41,24531988505.31,78.85,0.00
DTP-20230728,2023-07-28,2023,4,25752739140296.84,6904381456201.17,32657120596498.01,-2258094751.40,78.86,-0.00
DTP-20230731,2023-07-31,2023,4,25708799188483.91,6899785884182.23,32608585072666.14,-48535523831.87,78.84,0.00
DTP-20230801,2023-08-01,2023,4,25740123485927.36,6847445496577.85,32587568982505.21,-21016090160.93,78.99,0.00
DTP-20230802,2023-08-02,2023,4,25740356333124.46,6858995021324.67,32599351354449.13,11782371943.92,78.96,0.00
DTP-20230803,2023-08-03,2023,4,25759287856824.22,6845039787664.48,32604327644488.70,4976290039.57,79.01,0.00
DTP-20230804,2023-08-04,2023,4,25758851818235.69,6844294256893.84,32603146075129.53,-1181569359.17,79.01,0.00
DTP-20230807,2023-08-07,2023,4,25759016987176.09,6852289812132.15,32611306799308.24,8160724178.71,78.99,0.00
DTP-20230808,2023-08-08,2023,4,25778440181711.50,6865696682925.27,32644136864636.77,32830065328.53,78.97,0.00
DTP-20230809,2023-08-09,2023,4,25778304585040.20,6842625742793.91,32620930327834.11,-23206536802.66,79.02,0.00
DTP-20230810,2023-08-10,2023,4,25812225197718.34,6845837808892.23,32658063006610.57,37132678776.46,79.04,0.00
DTP-20230811,2023-08-11,2023,4,25812094620607.35,6846513599635.79,32658608220243.14,545213632.57,79.04,0.00
DTP-20230814,2023-08-14,2023,4,25812732982266.50,6850797467502.27,32663530449768.77,4922229525.63,79.03,0.00
DTP-20230815,2023-08-15,2023,4,25814344975175.86,6865596448992.73,32679941424168.59,16410974399.82,78.99,0.00
DTP-20230816,2023-08-16,2023,4,25814897784477.01,6846680465200.02,32661578249677.03,-18363174491.56,79.04,0.00
DTP-20230817,2023-08-17,2023,4,25850475396069.84,6853217148560.19,32703692544630.03,42114294953.00,79.04,0.00
DTP-20230818,2023-08-18,2023,4,25850890627408.14,6853524326841.34,32704414954249.48,722409619.45,79.04,0.00
DTP-20230821,2023-08-21,2023,4,25851338453031.71,6859296010089.41,32710634463121.12,6219508871.64,79.03,0.00
DTP-20230822,2023-08-22,2023,4,25886489572735.04,6872817707411.95,32759307280146.99,48672817025.87,79.02,0.00
DTP-20230823,2023-08-23,2023,4,25886300370614.66,6854072396998.96,32740372767613.62,-18934512533.37,79.07,0.00
DTP-20230824,2023-08-24,2023,4,25922115213450.97,6855764514954.54,32777879728405.51,37506960791.89,79.08,-0.00
DTP-20230825,2023-08-25,2023,4,25946514803377.09,6863708742769.77,32810223546146.86,32343817741.35,79.08,0.00
DTP-20230828,2023-08-28,2023,4,25947218499165.31,6867224506399.54,32814443005564.85,4219459417.99,79.07,-0.00
DTP-20230829,2023-08-29,2023,4,25982708609301.70,6873750407310.25,32856459016611.95,42016011047.10,79.08,0.00
DTP-20230830,2023-08-30,2023,4,25982664124907.71,6871788732712.39,32854452857620.10,-2006158991.85,79.08,0.00
DTP-20230831,2023-08-31,2023,4,26044050577584.54,6870098786176.41,32914149363760.95,59696506140.85,79.13,0.00
DTP-20230901,2023-09-01,2023,4,26044507800625.70,6797008538428.83,32841516339054.53,-72633024706.42,79.30,0.00
DTP-20230905,2023-09-05,2023,4,26077617922113.74,6813047295592.09,32890665217705.83,49148878651.30,79.29,0.00
DTP-20230906,2023-09-06,2023,4,26077580698557.50,6825573000129.27,32903153698686.77,12488480980.94,79.26,0.00
DTP-20230907,2023-09-07,2023,4,26108844533675.44,6826805949872.26,32935650483547.70,32496784860.93,79.27,0.00
DTP-20230908,2023-09-08,2023,4,26109080792236.31,6831580411285.56,32940661203521.87,5010719974.17,79.26,-0.00
DTP-20230911,2023-09-11,2023,4,26109190196680.37,6831439396144.29,32940629592824.66,-31610697.21,79.26,0.00
DTP-20230912,2023-09-12,2023,4,26140258067985.33,6839663548727.33,32979921616712.66,39292023888.00,79.26,-0.00
DTP-20230913,2023-09-13,2023,4,26140787908311.45,6818717245265.57,32959505153577.02,-20416463135.64,79.31,0.00
DTP-20230914,2023-09-14,2023,4,26166758026969.24,6821874816694.86,32988632843664.10,29127690087.08,79.32,-0.00
DTP-20230915,2023-09-15,2023,4,26214467619830.38,6830391110637.66,33044858730468.04,56225886803.94,79.33,0.00
DTP-20230918,2023-09-18,2023,4,26214774694145.72,6839176143575.18,33053950837720.90,9092107252.86,79.31,0.00
DTP-20230919,2023-09-19,2023,4,26234340083526.65,6857504027289.00,33091844110815.65,37893273094.75,79.28,0.00
DTP-20230920,2023-09-20,2023,4,26234126979922.55,6836676863562.09,33070803843484.64,-21040267331.01,79.33,0.00
DTP-20230921,2023-09-21,2023,4,26256883939422.64,6843524418049.17,33100408357471.81,29604513987.17,79.32,0.00
DTP-20230922,2023-09-22,2023,4,26257563828493.74,6844401974406.66,33101965802900.40,1557445428.59,79.32,0.00
DTP-20230925,2023-09-25,2023,4,26257540552723.90,6854519839226.39,33112060391950.29,10094589049.89,79.30,0.00
DTP-20230926,2023-09-26,2023,4,26275119110710.20,6871289883822.16,33146408994532.36,34348602582.07,79.27,0.00
DTP-20230927,2023-09-27,2023,4,26274995762333.71,6851915709042.10,33126911471375.81,-19497523156.55,79.32,0.00
DTP-20230928,2023-09-28,2023,4,26289027123953.30,6837449252984.06,33126476376937.36,-435094438.45,79.36,0.00
DTP-20230929,2023-09-29,2023,4,26330142473191.94,6837191571531.22,33167334044723.16,40857667785.80,79.39,0.00
DTP-20231002,2023-10-02,2024,1,26339002538627.28,7103146080990.15,33442148619617.43,274814574894.27,78.76,0.00
DTP-20231003,2023-10-03,2024,1,26367058728957.29,7107846139069.01,33474904868026.30,32756248408.87,78.77,-0.00
DTP-20231004,2023-10-04,2024,1,26366947230514.69,7111012817290.78,33477960047805.47,3055179779.17,78.76,0.00
DTP-20231005,2023-10-05,2024,1,26401336139723.41,7112046372940.10,33513382512663.51,35422464858.04,78.78,-0.00
DTP-20231006,2023-10-06,2024,1,26402295025521.83,7108538575708.38,33510833601230.21,-2548911433.30,78.79,-0.00
DTP-20231010,2023-10-10,2024,1,26436036277654.31,7114203028248.53,33550239305902.84,39405704672.63,78.80,0.00
DTP-20231011,2023-10-11,2024,1,26436716538490.99,7100421340919.42,33537137879410.41,-13101426492.43,78.83,-0.00
DTP-20231012,2023-10-12,2024,1,26427019000844.73,7096045673167.62,33523064674012.35,-14073205398.06,78.83,0.00
DTP-20231013,2023-10-13,2024,1,26426737912612.51,7102390342575.97,33529128255188.48,6063581176.13,78.82,0.00
DTP-20231016,2023-10-16,2024,1,26474358051666.99,7115946521626.46,33590304573293.45,61176318104.97,78.82,0.00
DTP-20231017,2023-10-17,2024,1,26514681646246.71,7134005204720.78,33648686850967.49,58382277674.04,78.80,0.00
DTP-20231018,2023-10-18,2024,1,26514600427747.18,7114586677875.61,33629187105622.79,-19499745344.70,78.84,0.00
DTP-20231019,2023-10-19,2024,1,26514791447517.55,7112152531967.57,33626943979485.12,-2243126137.67,78.85,0.00
DTP-20231020,2023-10-20,2024,1,26514640558602.24,7112638635740.80,33627279194343.04,335214857.92,78.85,0.00
DTP-20231023,2023-10-23,2024,1,26515454944212.13,7120558838973.59,33636013783185.72,8734588842.68,78.83,0.00
DTP-20231024,2023-10-24,2024,1,26555329165607.14,7128889946257.62,33684219111864.76,48205328679.04,78.84,0.00
DTP-20231025,2023-10-25,2024,1,26555586966540.18,7117822075798.25,33673409042338.43,-10810069526.33,78.86,0.00
DTP-20231026,2023-10-26,2024,1,26555584041129.64,7120382649170.96,33675966690300.60,2557647962.17,78.86,0.00
DTP-20231027,2023-10-27,2024,1,26555921813583.64,7119662177726.68,33675583991310.32,-382698990.28,78.86,0.00
DTP-20231030,2023-10-30,2024,1,26556166875895.44,7119286705255.86,33675453581151.30,-130410159.02,78.86,0.00
DTP-20231031,2023-10-31,2024,1,26576222054905.35,7123358284223.14,33699580339128.49,24126757977.19,78.86,0.00
DTP-20231101,2023-11-01,2024,1,26575012517991.32,7062948956745.32,33637961474736.64,-61618864391.85,79.00,0.00
DTP-20231102,2023-11-02,2024,1,26630281961741.23,7064028484339.35,33694310446080.58,56348971343.94,79.03,0.00
DTP-20231103,2023-11-03,2024,1,26630035169821.74,7047760798503.63,33677795968325.37,-16514477755.21,79.07,-0.00
DTP-20231106,2023-11-06,2024,1,26630878504859.46,7054670518622.98,33685549023482.44,7753055157.07,79.06,0.00
DTP-20231107,2023-11-07,2024,1,26660759220080.83,7062365782803.40,33723125002884.23,37575979401.79,79.06,-0.00
DTP-20231108,2023-11-08,2024,1,26661887346319.75,7042631955438.58,33704519301758.33,-18605701125.90,79.10,0.00
DTP-20231109,2023-11-09,2024,1,26656287173188.21,7044415221297.82,33700702394486.03,-3816907272.30,79.10,0.00
DTP-20231110,2023-11-10,2024,1,26656297228213.21,7044221816895.70,33700519045108.91,-183349377.12,79.10,0.00
DTP-20231113,2023-11-13,2024,1,26656511120514.98,7047840223777.05,33704351344292.03,3832299183.12,79.09,0.00
DTP-20231114,2023-11-14,2024,1,26682674360903.60,7058084579394.54,33740758940298.14,36407596006.11,79.08,0.00
DTP-20231115,2023-11-15,2024,1,26660731529922.48,7042068826834.69,33702800356757.17,-37958583540.97,79.11,0.00
DTP-20231116,2023-11-16,2024,1,26692308892194.77,7047831408550.30,33740140300745.07,37339943987.90,79.11,0.00
DTP-20231117,2023-11-17,2024,1,26692227905141.52,7053933299692.68,33746161204834.20,6020904089.13,79.10,0.00
DTP-20231120,2023-11-20,2024,1,26692445815829.42,7057731130389.17,33750176946218.59,4015741384.39,79.09,0.00
DTP-20231121,2023-11-21,2024,1,26718585115383.15,7067892421289.93,33786477536673.08,36300590454.49,79.08,0.00
DTP-20231122,2023-11-22,2024,1,26720115499960.31,7046303455654.53,33766418955614.84,-20058581058.24,79.13,0.00
DTP-20231124,2023-11-24,2024,1,26771331485159.67,7055955956735.31,33827287441894.98,60868486280.14,79.14,0.00
DTP-20231127,2023-11-27,2024,1,26771780819894.09,7064913173966.26,33836693993860.35,9406551965.37,79.12,0.00
DTP-20231128,2023-11-28,2024,1,26777703430303.32,7074148512644.33,33851851942947.65,15157949087.30,79.10,0.00
DTP-20231129,2023-11-29,2024,1,26777711219088.21,7071491031182.63,33849202250270.84,-2649692676.81,79.11,0.00
DTP-20231130,2023-11-30,2024,1,26843822063762.45,7034857303738.75,33878679367501.20,29477117230.36,79.24,0.00
DTP-20231201,2023-12-01,2024,1,26841899141108.59,6960778764596.98,33802677905705.57,-76001461795.63,79.41,0.00
DTP-20231204,2023-12-04,2024,1,26842268790912.46,6972353185685.74,33814621976598.20,11944070892.63,79.38,0.00
DTP-20231205,2023-12-05,2024,1,26836499357657.48,6981876798788.72,33818376156446.20,3754179848.00,79.35,0.00
DTP-20231206,2023-12-06,2024,1,26836216971556.28,6981894333835.05,33818111305391.33,-264851054.87,79.35,0.00
DTP-20231207,2023-12-07,2024,1,26846003455945.39,6986812258814.70,33832815714760.09,14704409368.76,79.35,0.00
DTP-20231208,2023-12-08,2024,1,26845547562977.79,7001818570987.49,33847366133965.28,14550419205.19,79.31,0.00
DTP-20231211,2023-12-11,2024,1,26845481309902.06,7007047281644.33,33852528591546.39,5162457581.11,79.30,0.00
DTP-20231212,2023-12-12,2024,1,26833040275300.98,7018280929987.18,33851321205288.16,-1207386258.23,79.27,0.00
DTP-20231213,2023-12-13,2024,1,26831255346478.60,6996955240224.82,33828210586703.42,-23110618584.74,79.32,0.00
DTP-20231214,2023-12-14,2024,1,26839408031723.60,7000993486502.09,33840401518225.69,12190931522.27,79.31,0.00
DTP-20231215,2023-12-15,2024,1,26884830017231.68,6999015818324.36,33883845835556.04,43444317330.35,79.34,0.00
DTP-20231218,2023-12-18,2024,1,26884939028732.74,7006346105979.34,33891285134712.08,7439299156.04,79.33,0.00
DTP-20231219,2023-12-19,2024,1,26869396109579.57,7022719305079.53,33892115414659.10,830279947.02,79.28,0.00
DTP-20231220,2023-12-20,2024,1,26870588772826.80,6999934731881.97,33870523504708.77,-21591909950.33,79.33,0.00
DTP-20231221,2023-12-21,2024,1,26881279631976.22,7006386458682.18,33887666090658.40,17142585949.63,79.32,0.00
DTP-20231222,2023-12-22,2024,1,26880796429891.38,7020222898994.39,33901019328885.77,13353238227.37,79.29,0.00
DTP-20231226,2023-12-26,2024,1,26876124826110.32,7029348610162.06,33905473436272.38,4454107386.61,79.27,0.00
DTP-20231227,2023-12-27,2024,1,26876335151615.88,7019748226632.17,33896083378248.05,-9390058024.33,79.29,-0.00
DTP-20231228,2023-12-28,2024,1,26891920450910.61,7019307272259.87,33911227723170.48,15144344922.43,79.30,0.00
DTP-20231229,2023-12-29,2024,1,26938517614684.59,7062976040880.89,34001493655565.48,90265932395.00,79.23,0.00
DTP-20240102,2024-01-02,2024,2,26966333707733.52,7023793814333.31,33990127522066.83,-11366133498.65,79.34,0.00
DTP-20240103,2024-01-03,2024,2,26967954226517.79,7026265646050.06,33994219872567.85,4092350501.02,79.33,-0.00
DTP-20240104,2024-01-04,2024,2,26976928852286.78,7029342078398.78,34006270930685.56,12051058117.71,79.33,0.00
DTP-20240105,2024-01-05,2024,2,26976084404477.05,7033605651118.76,34009690055595.81,3419124910.25,79.32,0.00
DTP-20240108,2024-01-08,2024,2,26973939599749.78,7038259272542.18,34012198872291.96,2508816696.15,79.31,0.00
DTP-20240109,2024-01-09,2024,2,26974750049637.37,7050025008944.09,34024775058581.46,12576186289.50,79.28,0.00
DTP-20240110,2024-01-10,2024,2,26974362934797.17,7028075942693.64,34002438877490.81,-22336181090.65,79.33,0.00
DTP-20240111,2024-01-11,2024,2,26985019110585.66,7073494783888.42,34058513894474.08,56075016983.27,79.23,0.00
DTP-20240112,2024-01-12,2024,2,26984681279437.27,7073476530013.90,34058157809451.17,-356085022.91,79.23,0.00
DTP-20240116,2024-01-16,2024,2,26977085934722.47,7084465647453.58,34061551582176.05,3393772724.88,79.20,-0.00
DTP-20240117,2024-01-17,2024,2,26977279309230.03,7082884138400.40,34060163447630.43,-1388134545.62,79.20,0.00
DTP-20240118,2024-01-18,2024,2,26986540939549.35,7083359192203.67,34069900131753.02,9736684122.59,79.21,0.00
DTP-20240119,2024-01-19,2024,2,26985839298705.00,7086502734234.15,34072342032939.15,2441901186.13,79.20,0.00
DTP-20240122,2024-01-22,2024,2,26985255075314.51,7091416642396.90,34076671717711.41,4329684772.26,79.19,0.00
DTP-20240123,2024-01-23,2024,2,27003770167433.26,7105608208310.77,34109378375744.03,32706658032.62,79.17,0.00
DTP-20240124,2024-01-24,2024,2,27002945955816.55,7085429121176.76,34088375076993.31,-21003298750.72,79.21,0.00
DTP-20240125,2024-01-25,2024,2,27031896294653.96,7103634187637.92,34135530482291.88,47155405298.57,79.19,0.00
DTP-20240126,2024-01-26,2024,2,27031563517077.75,7103893544561.61,34135457061639.36,-73420652.52,79.19,0.00
DTP-20240129,2024-01-29,2024,2,27031268655335.78,7107203835974.24,34138472491310.02,3015429670.66,79.18,0.00
DTP-20240130,2024-01-30,2024,2,27058247867739.38,7114581473729.03,34172829341468.41,34356850158.39,79.18,0.00
DTP-20240131,2024-01-31,2024,2,27071861894841.00,7119288507552.64,34191150402393.64,18321060925.23,79.18,0.00
DTP-20240201,2024-02-01,2024,2,27096145994220.71,7058869635447.96,34155015629668.67,-36134772724.97,79.33,0.00
DTP-20240202,2024-02-02,2024,2,27095216791114.36,7052130829072.51,34147347620186.87,-7668009481.80,79.35,-0.00
DTP-20240205,2024-02-05,2024,2,27095044263981.65,7058929865486.06,34153974129467.71,6626509280.84,79.33,-0.00
DTP-20240206,2024-02-06,2024,2,27125821609881.79,7070743038173.98,34196564648055.77,42590518588.06,79.32,0.00
DTP-20240207,2024-02-07,2024,2,27125624577903.55,7071969914445.93,34197594492349.48,1029844293.71,79.32,0.00
DTP-20240208,2024-02-08,2024,2,27150016696468.02,7078682446985.32,34228699143453.34,31104651103.86,79.32,0.00
DTP-20240209,2024-02-09,2024,2,27149917447710.42,7078260848636.45,34228178296346.87,-520847106.47,79.32,0.00
DTP-20240212,2024-02-12,2024,2,27148944676868.26,7081838788515.02,34230783465383.28,2605169036.41,79.31,0.00
DTP-20240213,2024-02-13,2024,2,27177924667834.49,7091135826080.32,34269060493914.81,38277028531.53,79.31,0.00
DTP-20240214,2024-02-14,2024,2,27178010959199.55,7067304272552.47,34245315231752.02,-23745262162.79,79.36,0.00
DTP-20240215,2024-02-15,2024,2,27184526004247.38,7081535008405.83,34266061012653.21,20745780901.19,79.33,0.00
DTP-20240216,2024-02-16,2024,2,27183667231435.16,7083563504673.22,34267230736108.38,1169723455.17,79.33,0.00
DTP-20240220,2024-02-20,2024,2,27208868737795.66,7096251893857.85,34305120631653.51,37889895545.13,79.31,-0.00
DTP-20240221,2024-02-21,2024,2,27209148794470.33,7088619180868.87,34297767975339.20,-7352656314.31,79.33,0.00
DTP-20240222,2024-02-22,2024,2,27242557270675.99,7089449355644.49,34332006626320.48,34238650981.28,79.35,-0.00
DTP-20240223,2024-02-23,2024,2,27270277998967.49,7097920373931.67,34368198372899.16,36191746578.68,79.35,-0.00
DTP-20240226,2024-02-26,2024,2,27270274003272.75,7106043048764.48,34376317052037.23,8118679138.07,79.33,0.00
DTP-20240227,2024-02-27,2024,2,27290138516220.85,7115061855089.50,34405200371310.35,28883319273.12,79.32,0.00
DTP-20240228,2024-02-28,2024,2,27290151250136.39,7091996957424.14,34382148207560.53,-23052163749.82,79.37,0.00
DTP-20240229,2024-02-29,2024,2,27380289989183.77,7090793248927.98,34471083238111.75,88935030551.22,79.43,0.00
DTP-20240301,2024-03-01,2024,2,27378941449836.41,7014320949165.99,34393262399002.40,-77820839109.35,79.61,0.00
DTP-20240304,2024-03-04,2024,2,27379505983815.03,7031386208537.02,34410892192352.05,17629793349.65,79.57,0.00
DTP-20240305,2024-03-05,2024,2,27394922018989.52,7044028048971.81,34438950067961.33,28057875609.28,79.55,0.00
DTP-20240306,2024-03-06,2024,2,27395073293225.10,7045758662531.44,34440831955756.54,1881887795.21,79.54,0.00
DTP-20240307,2024-03-07,2024,2,27409658010123.01,7051748549610.47,34461406559733.48,20574603976.94,79.54,0.00
DTP-20240308,2024-03-08,2024,2,27410398214937.37,7054660043964.07,34465058258901.44,3651699167.96,79.53,0.00
DTP-20240311,2024-03-11,2024,2,27411563369863.19,7059919295715.01,34471482665578.20,6424406676.76,79.52,0.00
DTP-20240312,2024-03-12,2024,2,27424259576638.32,7072944247261.90,34497203823900.22,25721158322.02,79.50,0.00
DTP-20240313,2024-03-13,2024,2,27424590793153.92,7051283950252.72,34475874743406.64,-21329080493.58,79.55,0.00
DTP-20240314,2024-03-14,2024,2,27434194395974.08,7052025630311.87,34486220026285.95,10345282879.31,79.55,0.00
DTP-20240315,2024-03-15,2024,2,27486685431293.39,7056153065969.55,34542838497262.94,56618470976.99,79.57,0.00
DTP-20240318,2024-03-18,2024,2,27486890326230.45,7064472922609.44,34551363248839.89,8524751576.95,79.55,0.00
DTP-20240319,2024-03-19,2024,2,27495560223464.06,7086744301426.82,34582304524890.88,30941276050.99,79.51,0.00
DTP-20240320,2024-03-20,2024,2,27495310693451.23,7065862968742.96,34561173662194.19,-21130862696.69,79.56,0.00
DTP-20240321,2024-03-21,2024,2,27511234577616.74,7066797643893.09,34578032221509.83,16858559315.64,79.56,0.00
DTP-20240322,2024-03-22,2024,2,27511504384092.25,7070616881941.32,34582121266033.57,4089044523.74,79.55,0.00
DTP-20240325,2024-03-25,2024,2,27512574463575.43,7085613527787.28,34598187991362.71,16066725329.14,79.52,0.00
DTP-20240326,2024-03-26,2024,2,27500757154307.80,7093631715867.86,34594388870175.66,-3799121187.05,79.49,0.00
DTP-20240327,2024-03-27,2024,2,27503290057476.61,7069909488364.82,34573199545841.43,-21189324334.23,79.55,0.00
DTP-20240328,2024-03-28,2024,2,27511740986475.77,7066868170703.55,34578609157179.32,5409611337.89,79.56,0.00
DTP-20240329,2024-03-29,2024,2,27511454993243.97,7075078486105.91,34586533479349.88,7924322170.56,79.54,0.00
DTP-20240401,2024-04-01,2024,3,27597003078569.01,7030198254495.09,34627201333064.10,40667853714.22,79.70,0.00
DTP-20240402,2024-04-02,2024,3,27571024016005.42,7051267854045.71,34622291870051.13,-4909463012.97,79.63,0.00
DTP-20240403,2024-04-03,2024,3,27570738421546.27,7033599371339.04,34604337792885.31,-17954077165.82,79.67,0.00
DTP-20240404,2024-04-04,2024,3,27557979891134.54,7040988643812.82,34598968534947.36,-5369257937.95,79.65,0.00
DTP-20240405,2024-04-05,2024,3,27558067093863.29,7042576398721.81,34600643492585.10,1674957637.74,79.65,-0.00
DTP-20240408,2024-04-08,2024,3,27559152334116.88,7049260226525.59,34608412560642.47,7769068057.37,79.63,0.00
DTP-20240409,2024-04-09,2024,3,27523837629266.01,7057172370278.52,34581009999544.53,-27402561097.94,79.59,0.00
DTP-20240410,2024-04-10,2024,3,27524683546141.80,7036331970814.48,34561015516956.28,-19994482588.25,79.64,0.00
DTP-20240411,2024-04-11,2024,3,27509726461018.85,7041110153612.83,34550836614631.68,-10178902324.60,79.62,0.00
DTP-20240412,2024-04-12,2024,3,27509636671273.47,7043582954372.04,34553219625645.51,2383011013.83,79.62,-0.00
DTP-20240415,2024-04-15,2024,3,27525652789136.96,7077550042873.79,34603202832010.75,49983206365.24,79.55,0.00
DTP-20240416,2024-04-16,2024,3,27491006854258.45,7099994476618.46,34591001330876.91,-12201501133.84,79.47,0.00
DTP-20240417,2024-04-17,2024,3,27491018195859.82,7085470313069.10,34576488508928.92,-14512821947.99,79.51,0.00
DTP-20240418,2024-04-18,2024,3,27485307938326.14,7097787027218.40,34583094965544.54,6606456615.62,79.48,0.00
DTP-20240419,2024-04-19,2024,3,27484861367243.35,7100666815532.11,34585528182775.46,2433217230.92,79.47,0.00
DTP-20240422,2024-04-22,2024,3,27486473714908.65,7105302639344.76,34591776354253.41,6248171477.95,79.46,-0.00
DTP-20240423,2024-04-23,2024,3,27461262921654.41,7120619319098.66,34581882240753.07,-9894113500.34,79.41,0.00
DTP-20240424,2024-04-24,2024,3,27461572886205.56,7110054235908.52,34571627122114.08,-10255118638.99,79.43,0.00
DTP-20240425,2024-04-25,2024,3,27443681857808.67,7111287168059.44,34554969025868.11,-16658096245.97,79.42,0.00
DTP-20240426,2024-04-26,2024,3,27444491423362.55,7113923533728.96,34558414957091.51,3445931223.40,79.41,0.00
DTP-20240429,2024-04-29,2024,3,27445183037521.17,7117577083996.89,34562760121518.06,4345164426.55,79.41,0.00
DTP-20240430,2024-04-30,2024,3,27480960216618.32,7136033799632.56,34616994016250.88,54233894732.82,79.39,0.00
DTP-20240501,2024-05-01,2024,3,27479892592950.49,7078393608553.75,34558286201504.24,-58707814746.64,79.52,0.00
DTP-20240502,2024-05-02,2024,3,27462987329423.76,7100361488780.74,34563348818204.50,5062616700.26,79.46,0.00
DTP-20240503,2024-05-03,2024,3,27462531568558.89,7085674715847.52,34548206284406.41,-15142533798.09,79.49,0.00
DTP-20240506,2024-05-06,2024,3,27463657361740.46,7097190278087.13,34560847639827.59,12641355421.18,79.46,0.00
DTP-20240507,2024-05-07,2024,3,27453420769237.90,7105974470632.43,34559395239870.33,-1452399957.26,79.44,0.00
DTP-20240508,2024-05-08,2024,3,27454500607320.58,7087227363278.59,34541727970599.17,-17667269271.16,79.48,-0.00
DTP-20240509,2024-05-09,2024,3,27453899461694.50,7091012790160.03,34544912251854.53,3184281255.36,79.47,0.00
DTP-20240510,2024-05-10,2024,3,27453861306796.20,7090730710809.52,34544592017605.72,-320234248.81,79.47,0.00
DTP-20240513,2024-05-13,2024,3,27455172055232.87,7096990063615.00,34552162118847.87,7570101242.15,79.46,0.00
DTP-20240514,2024-05-14,2024,3,27459796281794.85,7112713088036.93,34572509369831.78,20347250983.91,79.43,0.00
DTP-20240515,2024-05-15,2024,3,27444319743354.59,7090525707392.57,34534845450747.16,-37663919084.62,79.47,0.00
DTP-20240516,2024-05-16,2024,3,27456418787486.41,7096512136256.51,34552930923742.92,18085472995.76,79.46,0.00
DTP-20240517,2024-05-17,2024,3,27456876652491.59,7104020702286.11,34560897354777.70,7966431034.78,79.44,0.00
DTP-20240520,2024-05-20,2024,3,27458745418356.45,7110365893564.62,34569111311921.07,8213957143.37,79.43,0.00
DTP-20240521,2024-05-21,2024,3,27466193557963.77,7119366637073.07,34585560195036.84,16448883115.77,79.42,0.00
DTP-20240522,2024-05-22,2024,3,27469724120218.74,7098530393796.65,34568254514015.39,-17305681021.45,79.47,0.00
DTP-20240523,2024-05-23,2024,3,27473485937031.60,7103643031520.03,34577128968551.63,8874454536.24,79.46,0.00
DTP-20240524,2024-05-24,2024,3,27473812202939.87,7114168241161.52,34587980444101.39,10851475549.76,79.43,0.00
DTP-20240528,2024-05-28,2024,3,27485640159741.04,7120527755284.89,34606167915025.93,18187470924.54,79.42,0.00
DTP-20240529,2024-05-29,2024,3,27487157223434.84,7134501132017.34,34621658355452.18,15490440426.25,79.39,0.00
DTP-20240530,2024-05-30,2024,3,27479078222866.95,7130718594560.70,34609796817427.65,-11861538024.53,79.40,0.00
DTP-20240531,2024-05-31,2024,3,27606806621699.92,7060308520700.91,34667115142400.83,57318324973.18,79.63,0.00
DTP-20240603,2024-06-03,2024,3,27604546247462.02,7030817895866.12,34635364143328.14,-31750999072.69,79.70,0.00
DTP-20240604,2024-06-04,2024,3,27601036912476.19,7054598976613.93,34655635889090.12,20271745761.98,79.64,0.00
DTP-20240605,2024-06-05,2024,3,27601771436920.21,7058129597685.48,34659901034605.69,4265145515.57,79.64,0.00
DTP-20240606,2024-06-06,2024,3,27590071808237.64,7080560846029.55,34670632654267.19,10731619661.50,79.58,0.00
DTP-20240607,2024-06-07,2024,3,27590412991651.25,7082479056181.28,34672892047832.53,2259393565.34,79.57,0.00
DTP-20240610,2024-06-10,2024,3,27590884592514.35,7118535504661.53,34709420097175.88,36528049343.35,79.49,0.00
DTP-20240611,2024-06-11,2024,3,27576833611186.52,7126102177829.74,34702935789016.26,-6484308159.62,79.47,-0.00
DTP-20240612,2024-06-12,2024,3,27576420914357.70,7104892790319.76,34681313704677.46,-21622084338.80,79.51,0.00
DTP-20240613,2024-06-13,2024,3,27572656623723.99,7110924005833.71,34683580629557.70,2266924880.24,79.50,0.00
DTP-20240614,2024-06-14,2024,3,27571224186740.96,7109857211392.89,34681081398133.85,-2499231423.85,79.50,0.00
DTP-20240617,2024-06-17,2024,3,27627953593560.50,7122545236427.05,34750498829987.55,69417431853.70,79.50,0.00
DTP-20240618,2024-06-18,2024,3,27614043126341.21,7120067780594.39,34734110906935.60,-16387923051.95,79.50,0.00
DTP-20240620,2024-06-20,2024,3,27596094209621.92,7129756113986.30,34725850323608.22,-8260583327.38,79.47,0.00
DTP-20240621,2024-06-21,2024,3,27594481222617.96,7139266543546.35,34733747766164.31,7897442556.09,79.45,0.00
DTP-20240624,2024-06-24,2024,3,27594422516851.49,7154179953134.65,34748602469986.14,14854703821.83,79.41,0.00
DTP-20240625,2024-06-25,2024,3,27580828533331.25,7167570155124.24,34748398688455.49,-203781530.65,79.37,0.00
DTP-20240626,2024-06-26,2024,3,27581121643497.46,7143567623465.65,34724689266963.11,-23709421492.38,79.43,0.00
DTP-20240627,2024-06-27,2024,3,27564579398180.52,7158197529065.63,34722776927246.15,-1912339716.96,79.38,0.00
DTP-20240628,2024-06-28,2024,3,27612896549329.17,7218737882064.30,34831634431393.47,108857504147.32,79.28,0.00
DTP-20240701,2024-07-01,2024,4,27686611898025.85,7154447730760.95,34841059628786.80,9425197393.33,79.47,0.00
DTP-20240702,2024-07-02,2024,4,27696947664513.33,7169092766813.98,34866040431327.31,24980802540.51,79.44,0.00
DTP-20240703,2024-07-03,2024,4,27696496266059.51,7151072723994.62,34847568990054.13,-18471441273.18,79.48,0.00
DTP-20240705,2024-07-05,2024,4,27693475216355.36,7158726071239.68,34852201287595.04,4632297540.91,79.46,0.00
DTP-20240708,2024-07-08,2024,4,27693672925726.72,7163717134101.38,34857390059828.10,5188772233.06,79.45,-0.00
DTP-20240709,2024-07-09,2024,4,27709504208843.50,7174867301204.10,34884371510047.60,26981450219.50,79.43,0.00
DTP-20240710,2024-07-10,2024,4,27710406330174.17,7150915328510.84,34861321658685.01,-23049851362.59,79.49,0.00
DTP-20240711,2024-07-11,2024,4,27733802372114.60,7155137174411.31,34888939546525.91,27617887840.90,79.49,0.00
DTP-20240712,2024-07-12,2024,4,27734096471188.88,7155116955778.20,34889213426967.08,273880441.17,79.49,0.00
DTP-20240715,2024-07-15,2024,4,27750724960754.60,7160922593309.75,34911647554064.35,22434127097.27,79.49,0.00
DTP-20240716,2024-07-16,2024,4,27775830463860.98,7164323729749.66,34940154193610.64,28506639546.29,79.50,0.00
DTP-20240717,2024-07-17,2024,4,27775355611306.52,7147921508920.43,34923277120226.95,-16877073383.69,79.53,0.00
DTP-20240718,2024-07-18,2024,4,27794421298152.71,7151541980253.58,34945963278406.29,22686158179.34,79.54,0.00
DTP-20240719,2024-07-19,2024,4,27793280970095.10,7150970860497.82,34944251830592.92,-1711447813.37,79.54,0.00
DTP-20240722,2024-07-22,2024,4,27793300671842.76,7156838325296.59,34950138997139.35,5887166546.43,79.52,0.00
DTP-20240723,2024-07-23,2024,4,27817639139025.78,7170482190259.74,34988121329285.52,37982332146.17,79.51,0.00
DTP-20240724,2024-07-24,2024,4,27817951354978.31,7151626944488.87,34969578299467.18,-18543029818.34,79.55,0.00
DTP-20240725,2024-07-25,2024,4,27834323519790.43,7163216985312.90,34997540505103.33,27962205636.15,79.53,0.00
DTP-20240726,2024-07-26,2024,4,27834220424052.01,7167057755156.66,35001278179208.67,3737674105.34,79.52,0.00
DTP-20240729,2024-07-29,2024,4,27834326750512.37,7170089179786.63,35004415930299.00,3137751090.33,79.52,0.00
DTP-20240730,2024-07-30,2024,4,27864367559006.15,7178842418681.12,35043209977687.27,38794047388.27,79.51,0.00
DTP-20240731,2024-07-31,2024,4,27930511528793.83,7174259120507.20,35104770649301.03,61560671613.76,79.56,-0.00
DTP-20240801,2024-08-01,2024,4,27946897741746.23,7112504605395.29,35059402347141.52,-45368302159.51,79.71,0.00
DTP-20240802,2024-08-02,2024,4,27946832554647.40,7104596139907.59,35051428694554.99,-7973652586.53,79.73,0.00
DTP-20240805,2024-08-05,2024,4,27945957511453.95,7113298864999.19,35059256376453.14,7827681898.15,79.71,0.00
DTP-20240806,2024-08-06,2024,4,27969087300801.08,7116699195042.16,35085786495843.24,26530119390.10,79.72,0.00
DTP-20240807,2024-08-07,2024,4,27969804303787.95,7124952042132.36,35094756345920.31,8969850077.07,79.70,0.00
DTP-20240808,2024-08-08,2024,4,27992303945196.96,7131024032831.51,35123327978028.47,28571632108.16,79.70,0.00
DTP-20240809,2024-08-09,2024,4,27991430891417.81,7131096240988.62,35122527132406.43,-800845622.04,79.70,0.00
DTP-20240812,2024-08-12,2024,4,27992486779604.18,7134363382135.09,35126850161739.27,4323029332.84,79.69,0.00
DTP-20240813,2024-08-13,2024,4,28017164049453.46,7143185532931.21,35160349582384.67,33499420645.40,79.68,0.00
DTP-20240814,2024-08-14,2024,4,28017226473416.87,7120398188567.53,35137624661984.40,-22724920400.27,79.74,0.00
DTP-20240815,2024-08-15,2024,4,28032945816619.67,7136217961620.68,35169163778240.35,31539116255.95,79.71,0.00
DTP-20240816,2024-08-16,2024,4,28030070022009.33,7137158169204.13,35167228191213.46,-1935587026.89,79.71,-0.00
DTP-20240819,2024-08-19,2024,4,28030148229238.57,7147885883999.50,35178034113238.07,10805922024.61,79.68,0.00
DTP-20240820,2024-08-20,2024,4,28055639080735.21,7160261289357.86,35215900370093.07,37866256855.00,79.67,0.00
DTP-20240821,2024-08-21,2024,4,28056284385951.98,7137714893321.80,35193999279273.78,-21901090819.29,79.72,0.00
DTP-20240822,2024-08-22,2024,4,28067310011637.03,7143040787909.09,35210350799546.12,16351520272.34,79.71,0.01
DTP-20240823,2024-08-23,2024,4,28067340611051.07,7146626489434.08,35213967100485.15,3616300939.03,79.71,0.00
DTP-20240826,2024-08-26,2024,4,28066894450384.91,7158290450800.92,35225184901185.83,11217800700.68,79.68,0.00
DTP-20240827,2024-08-27,2024,4,28122457986740.07,7167034016414.92,35289492003154.99,64307101969.16,79.69,0.00
DTP-20240828,2024-08-28,2024,4,28122421845095.35,7147274425768.51,35269696270863.86,-19795732291.13,79.74,0.00
DTP-20240829,2024-08-29,2024,4,28132284797344.23,7147491348090.06,35279776145434.29,10079874570.43,79.74,0.00
DTP-20240830,2024-08-30,2024,4,28168005045836.45,7088051796953.61,35256056842790.06,-23719302644.23,79.90,0.00
DTP-20240903,2024-09-03,2024,4,28252444995767.33,7067241644842.65,35319686640609.98,63629797819.91,79.99,0.00
DTP-20240904,2024-09-04,2024,4,28254186047367.95,7089638690647.07,35343824738015.02,24138097405.05,79.94,-0.01
DTP-20240905,2024-09-05,2024,4,28258350864244.38,7087221290491.77,35345572154736.15,1747416721.12,79.95,0.00
DTP-20240906,2024-09-06,2024,4,28253281258134.21,7089805247432.00,35343086505566.21,-2485649169.94,79.94,0.00
DTP-20240909,2024-09-09,2024,4,28253299707543.31,7093332564103.30,35346632271646.61,3545766080.40,79.93,0.00
DTP-20240910,2024-09-10,2024,4,28232619428904.84,7098542261688.57,35331161690593.41,-15470581053.20,79.91,0.00
DTP-20240911,2024-09-11,2024,4,28232460501393.03,7076724111476.97,35309184612870.00,-21977077723.41,79.96,0.00
DTP-20240912,2024-09-12,2024,4,28193985562400.05,7079894192517.33,35273879754917.38,-35304857952.62,79.93,0.00
DTP-20240913,2024-09-13,2024,4,28188906439845.65,7079875149516.27,35268781589361.92,-5098165555.46,79.93,0.00
DTP-20240916,2024-09-16,2024,4,28245785759097.01,7100683810500.73,35346469569597.74,77687980235.82,79.91,0.00
DTP-20240917,2024-09-17,2024,4,28227359906344.68,7123482404426.42,35350842310771.10,4372741173.36,79.85,0.00
DTP-20240918,2024-09-18,2024,4,28228475054525.36,7102794566587.72,35331269621113.08,-19572689658.02,79.90,0.00
DTP-20240919,2024-09-19,2024,4,28220680267543.24,7106966355296.21,35327646622839.45,-3622998273.62,79.88,-0.01
DTP-20240920,2024-09-20,2024,4,28214574834140.68,7105135901991.38,35319710736132.06,-7935886707.39,79.88,0.00
DTP-20240923,2024-09-23,2024,4,28215447150317.52,7109189229029.70,35324636379347.22,4925643215.16,79.87,0.00
DTP-20240924,2024-09-24,2024,4,28195893512737.15,7128431963631.20,35324325476368.35,-310902978.87,79.82,0.00
DTP-20240925,2024-09-25,2024,4,28194235452983.90,7109729711468.98,35303965164452.88,-20360311915.47,79.86,-0.01
DTP-20240926,2024-09-26,2024,4,28182178946545.80,7114188338406.46,35296367284952.26,-7597879500.62,79.84,0.00
DTP-20240927,2024-09-27,2024,4,28208786657768.96,7112550686631.47,35321337344400.43,24970059448.17,79.86,0.00
DTP-20240930,2024-09-30,2024,4,28307312290783.00,7157361638388.69,35464673929171.69,143336584771.26,79.82,0.00
DTP-20241001,2024-10-01,2025,1,28312629054720.67,7356318312461.42,35668947367182.09,204273438010.41,79.38,0.00
DTP-20241002,2024-10-02,2025,1,28313722594978.62,7364038013056.83,35677760608035.45,8813240853.36,79.36,0.00
DTP-20241003,2024-10-03,2025,1,28322639420813.57,7355157421706.13,35677796842519.70,36234484.25,79.38,0.00
DTP-20241004,2024-10-04,2025,1,28323365082799.83,7357149733233.09,35680514816032.92,2717973513.22,79.38,0.00
DTP-20241007,2024-10-07,2025,1,28321844291432.89,7360773507338.91,35682617798771.80,2102982738.88,79.37,0.00
DTP-20241008,2024-10-08,2025,1,28341720350763.38,7375985314369.29,35717705665132.67,35087866360.88,79.35,0.00
DTP-20241009,2024-10-09,2025,1,28341479458057.01,7352361803495.03,35693841261552.04,-23864403580.63,79.40,0.00
DTP-20241010,2024-10-10,2025,1,28353945611403.78,7326688472528.40,35680634083932.18,-13207177619.86,79.47,0.00
DTP-20241011,2024-10-11,2025,1,28351123484517.83,7356196197995.43,35707319682513.26,26685598581.08,79.40,0.00
DTP-20241015,2024-10-15,2025,1,28383518035772.03,7367753772853.42,35751271808625.45,43952126112.20,79.39,0.00
DTP-20241016,2024-10-16,2025,1,28386150164608.48,7357363382856.39,35743513547464.87,-7758261160.59,79.42,0.00
DTP-20241017,2024-10-17,2025,1,28404121037347.13,7364963434177.25,35769084471524.38,25570924059.52,79.41,-0.01
DTP-20241018,2024-10-18,2025,1,28403747282300.49,7365984865202.86,35769732147503.35,647675978.97,79.41,0.00
DTP-20241021,2024-10-21,2025,1,28403842285305.15,7368907929581.47,35772750214886.62,3018067383.27,79.40,0.00
DTP-20241022,2024-10-22,2025,1,28423306636632.38,7379515537204.58,35802822173836.96,30071958950.34,79.39,0.00
DTP-20241023,2024-10-23,2025,1,28422500201162.20,7354871334181.43,35777371535343.63,-25450638493.33,79.44,-0.01
DTP-20241024,2024-10-24,2025,1,28452334402813.93,7356823348305.87,35809157751119.80,31786215776.16,79.46,0.00
DTP-20241025,2024-10-25,2025,1,28451878560753.69,7363513999069.84,35815392559823.53,6234808703.73,79.44,0.00
DTP-20241028,2024-10-28,2025,1,28449760812902.59,7367645595003.86,35817406407906.45,2013848082.92,79.43,0.00
DTP-20241029,2024-10-29,2025,1,28469426993796.14,7379094516640.88,35848521510437.02,31115102530.57,79.42,0.00
DTP-20241030,2024-10-30,2025,1,28470182494958.74,7376830095108.43,35847012590067.17,-1508920369.85,79.42,0.00
DTP-20241031,2024-10-31,2025,1,28572149038424.26,7379452135511.76,35951601173936.02,104588583868.85,79.47,0.00
DTP-20241101,2024-11-01,2025,1,28567525956804.76,7299077266736.72,35866603223541.48,-84997950394.55,79.65,0.01
DTP-20241104,2024-11-04,2025,1,28566347626909.66,7318053388944.70,35884401015854.36,17797792312.88,79.61,0.00
DTP-20241105,2024-11-05,2025,1,28582003195921.21,7329104402276.97,35911107598198.18,26706582343.82,79.59,0.00
DTP-20241106,2024-11-06,2025,1,28582117963923.50,7329940577295.35,35912058541218.85,950943020.67,79.59,0.00
DTP-20241107,2024-11-07,2025,1,28607118813413.31,7336435406884.33,35943554220297.64,31495679078.79,79.59,0.00
DTP-20241108,2024-11-08,2025,1,28606361080480.36,7339035281994.84,35945396362475.20,1842142177.56,79.58,0.00
DTP-20241112,2024-11-12,2025,1,28620032996715.49,7343732587583.75,35963765584299.24,18369221824.04,79.58,-0.01
DTP-20241113,2024-11-13,2025,1,28617935465098.64,7332326962681.05,35950262427779.69,-13503156519.55,79.60,0.00
DTP-20241114,2024-11-14,2025,1,28632426082432.23,7333106942171.82,35965533024604.05,15270596824.36,79.61,0.00
DTP-20241115,2024-11-15,2025,1,28621283646779.39,7337893341160.72,35959176987940.11,-6356036663.94,79.59,0.00
DTP-20241118,2024-11-18,2025,1,28620973630175.80,7343002712548.11,35963976342723.91,4799354783.80,79.58,0.01
DTP-20241119,2024-11-19,2025,1,28634183281951.62,7358107761767.23,35992291043718.85,28314700994.95,79.56,0.00
DTP-20241120,2024-11-20,2025,1,28634759575097.22,7339146403017.48,35973905978114.70,-18385065604.15,79.60,0.00
DTP-20241121,2024-11-21,2025,1,28688857681958.64,7346136905023.33,36034994586981.97,61088608867.27,79.61,0.00
DTP-20241122,2024-11-22,2025,1,28689193665601.50,7358329472334.85,36047523137936.35,12528550954.38,79.59,0.00
DTP-20241125,2024-11-25,2025,1,28689638049359.94,7363012845434.82,36052650894794.76,5127756858.41,79.58,0.01
DTP-20241126,2024-11-26,2025,1,28736542181892.50,7377028353910.03,36113570535802.53,60919641007.77,79.57,0.00
DTP-20241127,2024-11-27,2025,1,28735907867644.94,7354689358159.49,36090597225804.43,-22973309998.10,79.62,0.00
DTP-20241129,2024-11-29,2025,1,28791207744535.64,7296155216076.36,36087362960612.00,-3234265192.43,79.78,0.00
DTP-20241202,2024-12-02,2025,1,28878760944937.34,7292421010347.02,36171181955284.36,83818994672.36,79.84,0.00
DTP-20241203,2024-12-03,2025,1,28883514581503.88,7285899282363.00,36169413863866.88,-1768091417.48,79.86,-0.01
DTP-20241204,2024-12-04,2025,1,28882393374551.42,7288118172887.43,36170511547438.85,1097683571.97,79.85,0.00
DTP-20241205,2024-12-05,2025,1,28877400152221.15,7289964785887.29,36167364938108.44,-3146609330.41,79.84,0.00
DTP-20241206,2024-12-06,2025,1,28874999106506.03,7291038463951.30,36166037570457.33,-1327367651.11,79.84,0.00
DTP-20241209,2024-12-09,2025,1,28874168830835.46,7298026448227.48,36172195279062.94,6157708605.61,79.82,0.00
DTP-20241210,2024-12-10,2025,1,28858224127746.27,7305218268480.34,36163442396226.61,-8752882836.33,79.80,0.00
DTP-20241211,2024-12-11,2025,1,28849932499916.86,7282588015359.67,36132520515276.53,-30921880950.08,79.84,0.00
DTP-20241212,2024-12-12,2025,1,28846561718955.86,7286902179676.16,36133463898632.02,943383355.49,79.83,-0.01
DTP-20241213,2024-12-13,2025,1,28846613864721.94,7287461769216.75,36134075633938.69,611735306.66,79.83,0.00
DTP-20241216,2024-12-16,2025,1,28901403659573.18,7291492045410.47,36192895704983.65,58820071044.96,79.85,0.00
DTP-20241217,2024-12-17,2025,1,28876690689081.36,7312655137059.26,36189345826140.62,-3549878843.03,79.79,0.00
DTP-20241218,2024-12-18,2025,1,28875451168038.78,7292152981916.83,36167604149955.61,-21741676185.01,79.84,0.00
DTP-20241219,2024-12-19,2025,1,28870054568670.25,7297069898822.65,36167124467492.90,-479682462.71,79.82,0.00
DTP-20241220,2024-12-20,2025,1,28864783375019.35,7296837640426.22,36161621015445.57,-5503452047.33,79.82,0.00
DTP-20241223,2024-12-23,2025,1,28865105876886.59,7325170681580.03,36190276558466.62,28655543021.05,79.76,0.00
DTP-20241224,2024-12-24,2025,1,28839543803673.77,7307275380693.33,36146819184367.10,-43457374099.52,79.78,0.00
DTP-20241226,2024-12-26,2025,1,28794989291882.50,7317818417425.11,36112807709307.61,-34011475059.49,79.74,0.00
DTP-20241227,2024-12-27,2025,1,28822584881480.95,7321598494166.48,36144183375647.43,31375666339.82,79.74,0.00
DTP-20241230,2024-12-30,2025,1,28821350185471.75,7328807044988.29,36150157230460.04,5973854812.61,79.73,0.00
DTP-20241231,2024-12-31,2025,1,28836996111881.81,7381609199808.10,36218605311689.91,68448081229.87,79.62,0.00
DTP-20250102,2025-01-02,2025,2,28831964741779.76,7337992876980.45,36169957618760.21,-48647692929.70,79.71,0.00
DTP-20250103,2025-01-03,2025,2,28831651555267.15,7332495171778.67,36164146727045.82,-5810891714.39,79.72,0.00
DTP-20250106,2025-01-06,2025,2,28832259211211.08,7339533493948.90,36171792705159.98,7645978114.16,79.71,0.00
DTP-20250107,2025-01-07,2025,2,28826479434779.86,7352196584435.73,36178676019215.59,6883314055.62,79.68,0.00
DTP-20250108,2025-01-08,2025,2,28824060020226.11,7329685322040.19,36153745342266.30,-24930676949.30,79.73,0.00
DTP-20250109,2025-01-09,2025,2,28832160356396.23,7334233257283.50,36166393613679.73,12648271413.43,79.72,0.01
DTP-20250110,2025-01-10,2025,2,28832716210040.45,7336803790005.04,36169520000045.49,3126386365.77,79.72,0.00
DTP-20250113,2025-01-13,2025,2,28832556245721.97,7340898861989.14,36173455107711.11,3935107665.62,79.71,0.00
DTP-20250114,2025-01-14,2025,2,28850228995216.85,7350677542937.39,36200906538154.24,27451430443.13,79.69,0.00
DTP-20250115,2025-01-15,2025,2,28832351544946.26,7341818590517.75,36174170135464.01,-26736402690.23,79.70,0.01
DTP-20250116,2025-01-16,2025,2,28846012162618.21,7351498835789.37,36197510998407.58,23340862943.57,79.69,0.00
DTP-20250117,2025-01-17,2025,2,28845583131561.83,7361010184013.32,36206593315575.15,9082317167.57,79.67,0.00
DTP-20250121,2025-01-21,2025,2,28863463959281.89,7354794444044.46,36218258403326.35,11665087751.20,79.69,0.00
DTP-20250122,2025-01-22,2025,2,28863025857989.46,7354465474237.07,36217491332226.53,-767071099.82,79.69,0.00
DTP-20250123,2025-01-23,2025,2,28880821900250.34,7341180823593.90,36222002723844.24,4511391617.71,79.73,0.00
DTP-20250124,2025-01-24,2025,2,28881218302457.27,7340010231344.99,36221228533802.26,-774190041.98,79.74,0.00
DTP-20250127,2025-01-27,2025,2,28862375452519.97,7356530845791.36,36218906298311.33,-2322235490.93,79.69,0.00
DTP-20250128,2025-01-28,2025,2,28851969423506.15,7367967855319.07,36219937278825.22,1030980513.89,79.66,0.00
DTP-20250129,2025-01-29,2025,2,28852559462378.04,7366602126915.04,36219161589293.08,-775689532.14,79.66,0.00
DTP-20250130,2025-01-30,2025,2,28850151178663.95,7371291903947.90,36221443082611.85,2281493318.77,79.65,0.00
DTP-20250131,2025-01-31,2025,2,28911508658693.08,7308698079354.88,36220206738047.96,-1236344563.89,79.82,0.00
DTP-20250203,2025-02-03,2025,2,28923985500400.02,7293892752118.87,36217878252518.89,-2328485529.07,79.86,0.00
DTP-20250204,2025-02-04,2025,2,28897398320943.43,7321503139885.53,36218901460828.96,1023208310.07,79.79,0.00
DTP-20250205,2025-02-05,2025,2,28895705607248.80,7322417988645.61,36218123595894.41,-777864934.55,79.78,0.01
DTP-20250206,2025-02-06,2025,2,28892938412549.80,7327422633245.01,36220361045794.81,2237449900.41,79.77,0.00
DTP-20250207,2025-02-07,2025,2,28891246579142.97,7328335379387.61,36219581958530.58,-779087264.23,79.77,0.00
DTP-20250210,2025-02-10,2025,2,28882844331495.71,7334400412358.69,36217244743854.40,-2337214676.18,79.75,0.00
DTP-20250211,2025-02-11,2025,2,28873690527396.65,7344577753959.85,36218268281356.50,1023537502.10,79.72,0.00
DTP-20250212,2025-02-12,2025,2,28896394701632.10,7321093154139.98,36217487855772.08,-780425584.42,79.79,0.00
DTP-20250213,2025-02-13,2025,2,28896004938072.67,7323759149504.89,36219764087577.56,2276231805.48,79.78,0.00
DTP-20250214,2025-02-14,2025,2,28895337232003.27,7323646458424.72,36218983690427.99,-780397149.57,79.78,0.00
DTP-20250218,2025-02-18,2025,2,28876078679117.80,7343514021988.87,36219592701106.67,609010678.68,79.73,0.00
DTP-20250219,2025-02-19,2025,2,28878510874731.94,7340301225405.37,36218812100137.31,-780600969.36,79.73,0.00
DTP-20250220,2025-02-20,2025,2,28869749063206.15,7353240387067.82,36222989450273.97,4177350136.66,79.70,0.00
DTP-20250221,2025-02-21,2025,2,28862508705242.94,7359702901676.52,36222211606919.46,-777843354.51,79.68,0.00
DTP-20250224,2025-02-24,2025,2,28846869977339.96,7373008557021.63,36219878534361.59,-2333072557.87,79.64,0.00
DTP-20250225,2025-02-25,2025,2,28837112928950.54,7383636720904.88,36220749649855.42,871115493.83,79.61,0.00
DTP-20250226,2025-02-26,2025,2,28855309766407.65,7364670889368.14,36219980655775.79,-768994079.63,79.67,0.00
DTP-20250227,2025-02-27,2025,2,28855106718012.13,7366843117994.80,36221949836006.93,1969180231.14,79.66,0.00
DTP-20250228,2025-02-28,2025,2,28914410587820.34,7304512781549.76,36218923369370.10,-3026466636.83,79.83,0.00
DTP-20250303,2025-03-03,2025,2,28930823432033.66,7285803754245.12,36216627186278.78,-2296183091.32,79.88,0.00
DTP-20250304,2025-03-04,2025,2,28906019720336.11,7311438006096.70,36217457726432.81,830540154.03,79.81,0.00
DTP-20250305,2025-03-05,2025,2,28904524826408.57,7312170732441.29,36216695558849.86,-762167582.95,79.81,0.00
DTP-20250306,2025-03-06,2025,2,28910964000416.83,7307623005751.68,36218587006168.51,1891447318.65,79.82,0.00
DTP-20250307,2025-03-07,2025,2,28909913656084.00,7307910527929.37,36217824184013.37,-762822155.14,79.82,0.00
DTP-20250310,2025-03-10,2025,2,28903192097197.00,7312343609752.98,36215535706949.98,-2288477063.39,79.81,0.01
DTP-20250311,2025-03-11,2025,2,28890925430619.29,7325421064819.46,36216346495438.75,810788488.77,79.77,0.00
DTP-20250312,2025-03-12,2025,2,28912908316119.90,7302680425507.41,36215588741627.31,-757753811.44,79.84,0.00
DTP-20250313,2025-03-13,2025,2,28910212445754.95,7307197895481.62,36217410341236.57,1821599609.26,79.82,0.00
DTP-20250314,2025-03-14,2025,2,28937109052409.72,7279547308963.16,36216656361372.88,-753979863.69,79.90,-0.01
DTP-20250317,2025-03-17,2025,2,28928035225282.57,7286359145227.48,36214394370510.05,-2261990862.84,79.88,0.00
DTP-20250318,2025-03-18,2025,2,28908695063079.12,7306517606255.26,36215212669334.38,818298824.34,79.82,0.00
DTP-20250319,2025-03-19,2025,2,28931615276590.47,7282852542757.69,36214467819348.16,-744849986.23,79.89,0.00
DTP-20250320,2025-03-20,2025,2,28931004380785.40,7287217664400.94,36218222045186.34,3754225838.19,79.88,-0.01
DTP-20250321,2025-03-21,2025,2,28927403024844.31,7290078282240.53,36217481307084.84,-740738101.50,79.87,-0.01
DTP-20250324,2025-03-24,2025,2,28924757833909.66,7290501073128.13,36215258907037.79,-2222400047.05,79.87,0.00
DTP-20250325,2025-03-25,2025,2,28900194597054.75,7315898690539.00,36216093287593.75,834380555.96,79.80,0.00
DTP-20250326,2025-03-26,2025,2,28922608710230.04,7292747823941.33,36215356534171.37,-736753422.38,79.86,0.00
DTP-20250327,2025-03-27,2025,2,28921459406910.63,7295744922929.56,36217204329840.19,1847795668.82,79.86,0.00
DTP-20250328,2025-03-28,2025,2,28918637682348.73,7297832989689.14,36216470672037.87,-733657802.32,79.85,0.00
DTP-20250331,2025-03-31,2025,2,28909508850275.58,7304801569898.55,36214310420174.13,-2160251863.73,79.83,-0.01
DTP-20250401,2025-04-01,2025,3,28945058837872.08,7270097835241.72,36215156673113.80,846252939.66,79.93,0.00
DTP-20250402,2025-04-02,2025,3,28941616891545.06,7272809319818.70,36214426211363.76,-730461750.04,79.92,0.00
DTP-20250403,2025-04-03,2025,3,28960433646738.55,7256061381049.41,36216495027787.96,2068816424.20,79.96,0.00
DTP-20250404,2025-04-04,2025,3,28956155080112.68,7259606538778.43,36215761618891.11,-733408896.85,79.95,0.00
DTP-20250407,2025-04-07,2025,3,28947771026214.14,7265790465766.99,36213561491981.13,-2200126909.98,79.94,0.00
DTP-20250408,2025-04-08,2025,3,28936031572664.84,7278477178525.17,36214508751190.01,947259208.88,79.90,0.00
DTP-20250409,2025-04-09,2025,3,28958991840990.14,7254779381299.45,36213771222289.59,-737528900.41,79.97,0.00
DTP-20250410,2025-04-10,2025,3,28952824025915.61,7262877291916.33,36215701317831.94,1930095542.34,79.95,0.00
DTP-20250411,2025-04-11,2025,3,28952083890117.20,7262882499164.91,36214966389282.11,-734928549.83,79.95,0.00
DTP-20250414,2025-04-14,2025,3,28942462559586.95,7270299073998.82,36212761633585.77,-2204755696.34,79.92,-0.01
DTP-20250415,2025-04-15,2025,3,28904113909824.41,7310211361410.85,36214325271235.26,1563637649.48,79.81,0.00
DTP-20250416,2025-04-16,2025,3,28917184309983.82,7296406402244.83,36213590712228.65,-734559006.61,79.85,0.00
DTP-20250417,2025-04-17,2025,3,28913508876197.06,7303971159026.21,36217480035223.27,3889322994.62,79.83,-0.01
DTP-20250418,2025-04-18,2025,3,28904329571387.04,7312424849275.23,36216754420662.27,-725614561.00,79.81,-0.01
DTP-20250421,2025-04-21,2025,3,28897595263583.41,7316982346759.55,36214577610342.96,-2176810319.31,79.80,0.00
DTP-20250422,2025-04-22,2025,3,28885292677312.48,7330176983450.72,36215469660763.20,892050420.24,79.76,0.00
DTP-20250423,2025-04-23,2025,3,28901934804636.80,7312815062684.62,36214749867321.42,-719793441.78,79.81,0.00
DTP-20250424,2025-04-24,2025,3,28886899281587.33,7329792439929.20,36216691721516.53,1941854195.11,79.76,0.00
DTP-20250425,2025-04-25,2025,3,28886705983824.00,7329267841927.09,36215973825751.09,-717895765.44,79.76,0.00
DTP-20250428,2025-04-28,2025,3,28880205893953.10,7333614270247.08,36213820164200.18,-2153661550.91,79.75,0.00
DTP-20250429,2025-04-29,2025,3,28870044615160.41,7344669902800.32,36214714517960.73,894353760.55,79.72,0.01
DTP-20250430,2025-04-30,2025,3,28852660949319.21,7360896246491.44,36213557195810.65,-1157322150.08,79.67,0.00
DTP-20250501,2025-05-01,2025,3,28910031708449.29,7305545090837.58,36215576799286.87,2019603476.22,79.83,0.00
DTP-20250502,2025-05-02,2025,3,28913077198269.89,7301782985239.82,36214860183509.71,-716615777.16,79.84,0.00
DTP-20250505,2025-05-05,2025,3,28900702282928.55,7312008106218.90,36212710389147.45,-2149794362.26,79.81,0.00
DTP-20250506,2025-05-06,2025,3,28888855819827.73,7324747054422.48,36213602874250.21,892485102.76,79.77,0.00
DTP-20250507,2025-05-07,2025,3,28885833651968.10,7327052459190.16,36212886111158.26,-716763091.95,79.77,0.01
DTP-20250508,2025-05-08,2025,3,28879495109710.33,7335400990668.67,36214896100379.00,2009989220.74,79.74,0.00
DTP-20250509,2025-05-09,2025,3,28879730647251.10,7334450473321.47,36214181120572.57,-714979806.43,79.75,0.00
DTP-20250512,2025-05-12,2025,3,28873314691669.41,7338721472920.86,36212036164590.27,-2144955982.30,79.73,0.00
DTP-20250513,2025-05-13,2025,3,28858866133930.92,7354112774119.09,36212978908050.01,942743459.73,79.69,0.01
DTP-20250514,2025-05-14,2025,3,28883690101680.60,7328571320062.29,36212261421742.89,-717486307.12,79.76,0.00
DTP-20250515,2025-05-15,2025,3,28880432375776.61,7335997036243.20,36216429412019.81,4167990276.92,79.74,0.00
DTP-20250516,2025-05-16,2025,3,28877878941841.26,7337835686711.83,36215714628553.09,-714783466.72,79.74,0.00
DTP-20250519,2025-05-19,2025,3,28867568836311.34,7346001927409.64,36213570763720.98,-2143864832.12,79.71,0.00
DTP-20250520,2025-05-20,2025,3,28855901031670.00,7358574400540.84,36214475432210.84,904668489.87,79.68,0.00
DTP-20250521,2025-05-21,2025,3,28877912012097.42,7335849209013.40,36213761221110.82,-714211100.02,79.74,0.00
DTP-20250522,2025-05-22,2025,3,28875495146667.02,7340306339171.52,36215801485838.54,2040264727.72,79.73,0.00
DTP-20250523,2025-05-23,2025,3,28863100025246.62,7351988377099.25,36215088402345.87,-713083492.67,79.70,0.01
DTP-20250527,2025-05-27,2025,3,28856796025402.94,7357057726549.11,36213853751952.05,-1234650393.82,79.68,0.01
DTP-20250528,2025-05-28,2025,3,28867570378120.42,7345570748145.64,36213141126266.06,-712625685.98,79.72,0.00
DTP-20250529,2025-05-29,2025,3,28871680706822.26,7343495610476.16,36215176317298.42,2035191032.36,79.72,0.00
DTP-20250530,2025-05-30,2025,3,28952461153000.13,7263357246936.72,36215818399936.85,642082638.43,79.94,0.00
DTP-20250602,2025-06-02,2025,3,28956814642277.72,7257586022576.81,36214400664854.53,-1417735082.32,79.96,0.00
DTP-20250603,2025-06-03,2025,3,28964890579889.10,7250316846801.55,36215207426690.65,806761836.12,79.98,0.00
DTP-20250604,2025-06-04,2025,3,28953597578775.68,7260903821437.96,36214501400213.64,-706026477.01,79.95,0.00
DTP-20250605,2025-06-05,2025,3,28949058827202.60,7267330587277.61,36216389414480.21,1888014266.57,79.93,0.00
DTP-20250606,2025-06-06,2025,3,28947314928888.42,7268370334778.94,36215685263667.36,-704150812.85,79.93,0.00
DTP-20250609,2025-06-09,2025,3,28937734806745.08,7275837978669.95,36213572785415.03,-2112478252.33,79.91,0.00
DTP-20250610,2025-06-10,2025,3,28925282868405.29,7288997721700.45,36214280590105.74,707804690.71,79.87,0.00
DTP-20250611,2025-06-11,2025,3,28947461766728.03,7266119957069.04,36213581723797.07,-698866308.67,79.94,0.00
DTP-20250612,2025-06-12,2025,3,28944696357421.28,7272755735482.53,36217452092903.81,3870369106.74,79.92,0.00
DTP-20250613,2025-06-13,2025,3,28943677590027.96,7273078926433.72,36216756516461.68,-695576442.13,79.92,0.00
DTP-20250616,2025-06-16,2025,3,28907522231455.10,7307147612603.45,36214669844058.55,-2086672403.13,79.82,0.01
DTP-20250617,2025-06-17,2025,3,28884822109662.55,7330575632185.21,36215397741847.76,727897789.21,79.76,0.00
DTP-20250618,2025-06-18,2025,3,28905136181836.44,7309570954397.39,36214707136233.83,-690605613.93,79.82,0.00
DTP-20250620,2025-06-20,2025,3,28900785723043.42,7315087705792.44,36215873428835.86,1166292602.03,79.80,0.00
DTP-20250623,2025-06-23,2025,3,28890044591558.48,7323763835441.08,36213808426999.56,-2065001836.30,79.78,0.00
DTP-20250624,2025-06-24,2025,3,28860859190127.59,7353694147625.66,36214553337753.25,744910753.69,79.69,0.00
DTP-20250625,2025-06-25,2025,3,28888758862953.29,7325110705163.71,36213869568117.00,-683769636.25,79.77,0.00
DTP-20250626,2025-06-26,2025,3,28887012425608.74,7328793639131.62,36215806064740.36,1936496623.36,79.76,0.00
DTP-20250627,2025-06-27,2025,3,28886926501740.70,7328197811641.46,36215124313382.16,-681751358.20,79.76,0.00
DTP-20250630,2025-06-30,2025,3,28953496505343.54,7257972846477.77,36211469351821.31,-3654961560.84,79.96,0.00
DTP-20250701,2025-07-01,2025,4,29015375786023.67,7199106455887.47,36214482241911.14,3012890089.83,80.12,0.00
DTP-20250702,2025-07-02,2025,4,29010089016490.07,7203708724692.33,36213797741182.40,-684500728.74,80.11,0.00
DTP-20250703,2025-07-03,2025,4,29030139887675.69,7185729409624.06,36215869297299.75,2071556117.35,80.16,0.00
DTP-20250707,2025-07-07,2025,4,29217069454544.59,7365243735475.17,36582313190019.76,366443892720.01,79.87,0.00
DTP-20250708,2025-07-08,2025,4,29246985005461.02,7378830395788.77,36625815401249.79,43502211230.03,79.85,0.00
DTP-20250709,2025-07-09,2025,4,29245895802163.13,7354749570811.79,36600645372974.92,-25170028274.87,79.91,0.00
DTP-20250710,2025-07-10,2025,4,29237384936665.31,7357716674413.82,36595101611079.13,-5543761895.79,79.89,-0.01
DTP-20250711,2025-07-11,2025,4,29236040429582.10,7359760307805.26,36595800737387.36,699126308.23,79.89,0.00
DTP-20250714,2025-07-14,2025,4,29235163076403.79,7363182465751.15,36598345542154.94,2544804767.58,79.88,0.00
DTP-20250715,2025-07-15,2025,4,29278468201107.89,7373142915437.94,36651611116545.83,53265574390.89,79.88,0.00
DTP-20250716,2025-07-16,2025,4,29279025456139.46,7348829520723.24,36627854976862.70,-23756139683.12,79.94,0.00
DTP-20250717,2025-07-17,2025,4,29296842992143.18,7358437586970.43,36655280579113.61,27425602250.91,79.93,0.00
DTP-20250718,2025-07-18,2025,4,29296992044459.47,7356926608040.38,36653918652499.85,-1361926613.76,79.93,0.00
DTP-20250721,2025-07-21,2025,4,29297584848407.38,7364108871843.21,36661693720250.59,7775067750.74,79.91,-0.01
DTP-20250722,2025-07-22,2025,4,29332747751071.01,7378784656292.74,36711532407363.75,49838687113.16,79.90,0.00
DTP-20250723,2025-07-23,2025,4,29332905580399.32,7354032161912.18,36686937742311.50,-24594665052.25,79.95,0.00
DTP-20250724,2025-07-24,2025,4,29361169407599.91,7360361626003.06,36721531033602.97,34593291291.47,79.96,0.00
DTP-20250725,2025-07-25,2025,4,29361462754830.93,7371437191951.59,36732899946782.52,11368913179.55,79.93,-0.01
DTP-20250728,2025-07-28,2025,4,29361632076260.01,7373294000045.29,36734926076305.30,2026129522.77,79.93,0.01
DTP-20250729,2025-07-29,2025,4,29423243369055.06,7380594149863.15,36803837518918.21,68911442612.91,79.95,0.00
DTP-20250730,2025-07-30,2025,4,29422821531852.86,7379419030045.53,36802240561898.39,-1596957019.82,79.95,0.00
DTP-20250731,2025-07-31,2025,4,29531340715980.52,7385646596017.51,36916987311998.03,114746750099.64,79.99,0.00
DTP-20250801,2025-08-01,2025,4,29522548953929.98,7304353980819.27,36826902934749.25,-90084377248.78,80.17,0.00
DTP-20250804,2025-08-04,2025,4,29523300148538.85,7314864649375.46,36828164797914.31,1261863165.06,80.17,10000000000.00
DTP-20250805,2025-08-05,2025,4,29601407493123.21,7329044852741.95,36930452345865.16,102287547950.84,80.15,0.01
DTP-20250806,2025-08-06,2025,4,29601946000343.28,7348513858768.28,36950459859111.56,20007513246.41,80.11,0.00
DTP-20250807,2025-08-07,2025,4,29642704925910.30,7353501041238.92,36996205967149.22,45746108037.66,80.12,0.00
DTP-20250808,2025-08-08,2025,4,29642973771492.29,7355518082062.79,36998491853555.08,2285886405.86,80.12,0.00
DTP-20250811,2025-08-11,2025,4,29643534539743.71,7361283086098.85,37004817625842.56,6325772287.48,80.11,0.00
DTP-20250812,2025-08-12,2025,4,29698694854602.48,7371727954713.84,37070422809316.32,65605183473.76,80.11,0.00
DTP-20250813,2025-08-13,2025,4,29698492660209.76,7346845417317.28,37045338077527.04,-25084731789.28,80.17,0.00
DTP-20250814,2025-08-14,2025,4,29741150322937.10,7348280271417.48,37089430594354.58,44092516827.54,80.19,0.00
DTP-20250815,2025-08-15,2025,4,29771410762345.73,7365871879422.01,37137282641767.74,47852047413.16,80.17,0.00
DTP-20250818,2025-08-18,2025,4,29771882958785.37,7372193791624.79,37144076750410.16,6794108642.41,80.15,0.01
DTP-20250819,2025-08-19,2025,4,29818545456535.64,7390310858268.91,37208856314804.55,64779564394.39,80.14,0.00
DTP-20250820,2025-08-20,2025,4,29814986079837.20,7365204901986.12,37180190981823.32,-28665332981.23,80.19,0.00
DTP-20250821,2025-08-21,2025,4,29860626144050.13,7371662517973.78,37232288662023.91,52097680200.59,80.20,0.00
DTP-20250822,2025-08-22,2025,4,29858032327748.39,7376033821530.57,37234066149278.96,1777487255.05,80.19,0.00
DTP-20250825,2025-08-25,2025,4,29858744380962.86,7395478523758.11,37254222904720.97,20156755442.01,80.15,0.00
DTP-20250826,2025-08-26,2025,4,29905784737041.34,7299101761212.05,37204886498253.39,-49336406467.58,80.38,0.00
DTP-20250827,2025-08-27,2025,4,29904188921878.34,7379779979565.20,37283968901443.54,79082403190.15,80.21,0.00
DTP-20250828,2025-08-28,2025,4,29931514784077.08,7378639186133.68,37310153970210.76,26185068767.22,80.22,0.00
DTP-20250829,2025-08-29,2025,4,29968531307467.56,7305734610439.47,37274265917907.03,-35888052303.73,80.40,0.00
DTP-20250902,2025-09-02,2025,4,30105889987086.45,7307648440429.74,37413538427516.19,139272509609.16,80.47,0.00
DTP-20250903,2025-09-03,2025,4,30106522172043.14,7306157791837.03,37412679963880.17,-858463636.02,80.47,0.00
DTP-20250904,2025-09-04,2025,4,30121675356508.43,7308452759314.33,37430128115822.76,17448151942.59,80.47,0.00
DTP-20250905,2025-09-05,2025,4,30121223541151.12,7312364720365.43,37433588261516.55,3460145693.79,80.47,0.00
DTP-20250908,2025-09-08,2025,4,30121188716571.55,7319420500408.08,37440609216979.63,7020955463.09,80.45,0.00
DTP-20250909,2025-09-09,2025,4,30141157463769.15,7332729723468.62,37473887187237.77,33277970258.14,80.43,-0.01
DTP-20250910,2025-09-10,2025,4,30141501721759.29,7309242133268.94,37450743855028.23,-23143332209.55,80.48,0.00
DTP-20250911,2025-09-11,2025,4,30156524547639.58,7314308747459.10,37470833295098.68,20089440070.45,80.48,0.00
DTP-20250912,2025-09-12,2025,4,30156635899566.90,7305163158093.34,37461799057660.24,-9034237438.44,80.50,-0.01
DTP-20250915,2025-09-15,2025,4,30235402349560.97,7298580235744.60,37533982585305.57,72183527645.33,80.55,0.00
DTP-20250916,2025-09-16,2025,4,30185858953772.60,7316899199953.35,37502758153725.95,-31224431579.62,80.49,0.00
DTP-20250917,2025-09-17,2025,4,30185927497582.21,7306709208154.01,37492636705736.22,-10121447989.73,80.51,0.00
DTP-20250918,2025-09-18,2025,4,30200452994946.00,7309371285739.29,37509824280685.29,17187574949.07,80.51,0.00
DTP-20250919,2025-09-19,2025,4,30197443850677.82,7308309172542.02,37505753023219.84,-4071257465.45,80.51,0.00
DTP-20250922,2025-09-22,2025,4,30198287082014.00,7313456824508.52,37511743906522.52,5990883302.68,80.50,-0.01
DTP-20250923,2025-09-23,2025,4,30143073922487.06,7326621669792.33,37469695592279.39,-42048314243.13,80.45,0.00
DTP-20250924,2025-09-24,2025,4,30144752790618.94,7309784455629.77,37454537246248.71,-15158346030.68,80.48,0.00
DTP-20250925,2025-09-25,2025,4,30155538367056.52,7312354711398.02,37467893078454.54,13355832205.83,80.48,0.00
DTP-20250926,2025-09-26,2025,4,30184180191221.72,7315524304545.61,37499704495767.33,31811417312.79,80.49,0.00
DTP-20250929,2025-09-29,2025,4,30183798697434.94,7322654868786.26,37506453566221.20,6749070453.88,80.48,0.00
DTP-20250930,2025-09-30,2025,4,30277766440770.58,7359787054165.03,37637553494935.61,131099928714.41,80.45,0.00
DTP-20251001,2025-10-01,2026,1,30275547632000.40,7588511870725.30,37864059502725.70,226506007790.09,79.96,-0.01
DTP-20251002,2025-10-02,2026,1,30285435150302.49,7596407646804.90,37881842797107.39,17783294381.69,79.95,0.00
DTP-20251003,2025-10-03,2026,1,30283066232826.22,7569589582622.73,37852655815448.95,-29186981658.44,80.00,0.00
DTP-20251006,2025-10-06,2026,1,30284583976614.40,7578657306938.17,37863241283552.57,10585468103.62,79.98,0.00
DTP-20251007,2025-10-07,2026,1,30302393668027.57,7587362904732.87,37889756572760.44,26515289207.87,79.98,0.00
DTP-20251008,2025-10-08,2026,1,30300449106850.14,7563388759741.86,37863837866592.00,-25918706168.44,80.02,0.00
DTP-20251009,2025-10-09,2026,1,30315050520795.47,7568879891666.92,37883930412462.39,20092545870.39,80.02,0.00
DTP-20251010,2025-10-10,2026,1,30315775357225.49,7569661228199.14,37885436585424.63,1506172962.24,80.02,-0.01
DTP-20251014,2025-10-14,2026,1,30344240501849.17,7574715543854.68,37918956045703.85,33519460279.22,80.02,0.00
DTP-20251015,2025-10-15,2026,1,30383102547724.69,7559532783464.93,37942635331189.62,23679285485.77,80.08,0.01
DTP-20251016,2025-10-16,2026,1,30406659067650.88,7559894788680.54,37966553856331.42,23918525141.80,80.09,0.00
DTP-20251017,2025-10-17,2026,1,30407496862775.24,7569808973632.08,37977305836407.32,10751980075.90,80.07,0.00
DTP-20251020,2025-10-20,2026,1,30407775576424.92,7572498094006.41,37980273670431.33,2967834024.01,80.06,0.00
DTP-20251021,2025-10-21,2026,1,30437767080384.89,7582046274315.37,38019813354700.26,39539684268.93,80.06,0.00
DTP-20251022,2025-10-22,2026,1,30439169276342.86,7551503650262.70,37990672926605.56,-29140428094.70,80.12,0.00
DTP-20251023,2025-10-23,2026,1,30462505791396.93,7545631273554.68,38008137064951.61,17464138346.05,80.15,0.00
DTP-20251024,2025-10-24,2026,1,30462318457750.69,7546707501706.71,38009025959457.40,888894505.79,80.14,0.00
DTP-20251027,2025-10-27,2026,1,30463894199662.03,7578297543090.58,38042191742752.61,33165783295.21,80.08,0.00
DTP-20251028,2025-10-28,2026,1,30490669166603.18,7586265053928.38,38076934220531.56,34742477778.95,80.08,0.00
DTP-20251029,2025-10-29,2026,1,30490067642291.03,7588476501867.20,38078544144158.23,1609923626.66,80.07,0.01
DTP-20251030,2025-10-30,2026,1,30516171709909.29,7592758540369.71,38108930250279.00,30386106120.77,80.08,0.00
DTP-20251031,2025-10-31,2026,1,30570708483009.12,7469385303511.90,38040093786521.02,-68836463757.98,80.36,0.00
DTP-20251103,2025-11-03,2026,1,30567833810363.02,7436532669741.16,38004366480104.18,-35727306416.84,80.43,0.00
DTP-20251104,2025-11-04,2026,1,30588445700448.40,7458794052654.62,38047239753103.02,42873272998.84,80.40,-0.01
DTP-20251105,2025-11-05,2026,1,30589653976794.86,7501872376073.10,38091526352867.96,44286599764.94,80.31,0.00
DTP-20251106,2025-11-06,2026,1,30610666797441.52,7507601424306.51,38118268221748.03,26741868880.07,80.30,0.00
DTP-20251107,2025-11-07,2026,1,30611508844516.16,7505716041477.49,38117224885993.65,-1043335754.38,80.31,0.00
DTP-20251110,2025-11-10,2026,1,30613346931589.27,7512384756041.76,38125731687631.03,8506801637.38,80.30,0.00
DTP-20251112,2025-11-12,2026,1,30629115020089.01,7492102129098.63,38121217149187.64,-4514538443.39,80.35,0.00
DTP-20251113,2025-11-13,2026,1,30653919436694.72,7496796979962.20,38150716416656.92,29499267469.28,80.35,0.00
DTP-20251114,2025-11-14,2026,1,30654607353084.03,7499124840705.97,38153732193790.00,3015777133.08,80.34,0.00
DTP-20251117,2025-11-17,2026,1,30675159827981.92,7506024978504.59,38181184806486.51,27452612696.51,80.34,0.01
DTP-20251118,2025-11-18,2026,1,30690574250262.63,7574781329772.39,38265355580035.02,84170773548.52,80.20,-0.01
DTP-20251119,2025-11-19,2026,1,30687812251917.30,7611560834060.88,38299373085978.18,34017505943.16,80.13,0.00
DTP-20251120,2025-11-20,2026,1,30707975239396.64,7618992320167.89,38326967559564.53,27594473586.35,80.12,0.00
DTP-20251121,2025-11-21,2026,1,30706639126551.86,7626890920479.43,38333530047031.29,6562487466.76,80.10,0.00
DTP-20251124,2025-11-24,2026,1,30706241277353.57,7630050441631.82,38336291718985.39,2761671954.10,80.10,0.00
DTP-20251125,2025-11-25,2026,1,30722912264691.05,7637929580054.74,38360841844745.79,24550125760.40,80.09,0.00
DTP-20251126,2025-11-26,2026,1,30720877603388.67,7614390380457.44,38335267983846.11,-25573860899.68,80.14,0.00
DTP-20251128,2025-11-28,2026,1,30774117238206.31,7622094259407.34,38396211497613.65,60943513767.54,80.15,0.00
DTP-20251201,2025-12-01,2026,1,30853068463300.35,7572604715574.28,38425673178874.63,29461681260.98,80.29,0.00
DTP-20251202,2025-12-02,2026,1,30843863156002.45,7579901523401.57,38423764679404.02,-1908499470.61,80.27,-0.01
DTP-20251203,2025-12-03,2026,1,30843637085897.30,7559894956108.98,38403532042006.28,-20232637397.74,80.31,0.00
DTP-20251204,2025-12-04,2026,1,30824381406045.22,7564988469839.88,38389369875885.10,-14162166121.18,80.29,0.00
DTP-20251205,2025-12-05,2026,1,30822518818972.69,7568014014639.01,38390532833611.70,1162957726.60,80.29,0.00
DTP-20251208,2025-12-08,2026,1,30822913626328.95,7573042513082.33,38395956139411.28,5423305799.58,80.28,0.00
DTP-20251209,2025-12-09,2026,1,30793663184220.67,7583447287648.99,38377110471869.66,-18845667541.62,80.24,0.01
DTP-20251210,2025-12-10,2026,1,30793542262019.16,7558658156048.98,38352200418068.14,-24910053801.52,80.29,0.00
DTP-20251211,2025-12-11,2026,1,30787372595984.82,7562422438565.42,38349795034550.24,-2405383517.90,80.28,0.00
DTP-20251212,2025-12-12,2026,1,30774528464721.58,7565013346180.75,38339541810902.33,-10253223647.91,80.27,0.00
DTP-20251215,2025-12-15,2026,1,30852855298143.76,7566524957096.83,38419380255240.59,79838444338.27,80.31,0.00
DTP-20251216,2025-12-16,2026,1,30816834775843.42,7579344801168.68,38396179577012.10,-23200678228.49,80.26,0.00
DTP-20251217,2025-12-17,2026,1,30816952898858.15,7562043720926.87,38378996619785.02,-17182957227.08,80.30,-0.01
DTP-20251218,2025-12-18,2026,1,30807754246644.19,7567617238146.60,38375371484790.79,-3625134994.23,80.28,0.00
DTP-20251219,2025-12-19,2026,1,30804983565149.29,7567885799039.85,38372869364189.14,-2502120601.65,80.28,0.00
DTP-20251222,2025-12-22,2026,1,30804343347355.44,7574069886960.69,38378413234316.13,5543870126.99,80.26,0.00
DTP-20251223,2025-12-23,2026,1,30765540678107.58,7609808918823.00,38375349596930.58,-3063637385.55,80.17,0.00
DTP-20251224,2025-12-24,2026,1,30767152990652.20,7585693711160.97,38352846701813.17,-22502895117.41,80.22,0.00
DTP-20251226,2025-12-26,2026,1,30789162165471.37,7591373982524.66,38380536147996.03,27689446182.86,80.22,0.00
DTP-20251229,2025-12-29,2026,1,30788927240091.41,7597456950531.27,38386384190622.68,5848042626.65,80.21,0.00
DTP-20251230,2025-12-30,2026,1,30758836564019.29,7613317153601.80,38372153717621.09,-14230473001.59,80.16,-0.01
DTP-20251231,2025-12-31,2026,1,30846716536213.26,7667292648019.46,38514009184232.72,141855466611.62,80.09,0.00
DTP-20260102,2026-01-02,2026,2,30830898741274.12,7591919829332.60,38422818570606.72,-91190613626.00,80.24,0.00
DTP-20260105,2026-01-05,2026,2,30829627778734.90,7611460458493.04,38441088237227.94,18269666621.22,80.20,0.00
DTP-20260106,2026-01-06,2026,2,30809021616341.38,7621388472918.46,38430410089259.84,-10678147968.09,80.17,-0.01
DTP-20260107,2026-01-07,2026,2,30810025746721.36,7622261761080.16,38432287507801.52,1877418541.68,80.17,-0.01
DTP-20260108,2026-01-08,2026,2,30806172192100.19,7626415067657.10,38432587259757.29,299751955.77,80.16,0.00
DTP-20260109,2026-01-09,2026,2,30803872985803.55,7629457140488.82,38433330126292.37,742866535.08,80.15,0.01
DTP-20260112,2026-01-12,2026,2,30802877100962.48,7634823791457.20,38437700892419.68,4370766127.31,80.14,0.00
DTP-20260113,2026-01-13,2026,2,30786665721842.47,7647187031837.56,38433852753680.03,-3848138739.65,80.10,0.00
DTP-20260114,2026-01-14,2026,2,30787151283904.07,7608911383970.32,38396062667874.39,-37790085805.64,80.18,0.00
DTP-20260115,2026-01-15,2026,2,30811929736380.71,7641178755967.96,38453108492348.67,57045824474.28,80.13,0.00
DTP-20260116,2026-01-16,2026,2,30811997567291.18,7648241504425.58,38460239071716.76,7130579368.09,80.11,0.00
DTP-20260120,2026-01-20,2026,2,30824259874597.25,7660445227798.08,38484705102395.33,24466030678.57,80.09,0.00
DTP-20260121,2026-01-21,2026,2,30825455797755.52,7647919676563.48,38473375474319.00,-11329628076.33,80.12,0.00
DTP-20260122,2026-01-22,2026,2,30841780130036.30,7649018008549.60,38490798138585.90,17422664266.90,80.13,0.00
DTP-20260123,2026-01-23,2026,2,30839033479994.45,7651987078413.40,38491020558407.85,222419821.95,80.12,0.00
DTP-20260126,2026-01-26,2026,2,30839469782091.59,7674053796489.00,38513523578580.59,22503020172.74,80.07,0.00
DTP-20260127,2026-01-27,2026,2,30878428226102.52,7688685981553.18,38567114207655.70,53590629075.11,80.06,0.00
DTP-20260128,2026-01-28,2026,2,30876617956619.42,7665924515267.42,38542542471886.84,-24571735768.86,80.11,0.00
DTP-20260129,2026-01-29,2026,2,30898303196814.87,7670197925996.49,38568501122811.36,25958650924.52,80.11,0.00
DTP-20260130,2026-01-30,2026,2,30919122670062.31,7602245442279.35,38521368112341.66,-47133010469.70,80.26,0.00
DTP-20260202,2026-02-02,2026,2,30915426727781.28,7600223542099.66,38515650269880.94,-5717842460.72,80.27,0.00
DTP-20260203,2026-02-03,2026,2,30957184531162.23,7607093489052.37,38564278020214.60,48627750333.66,80.27,0.00
DTP-20260204,2026-02-04,2026,2,30956315394310.42,7608198305180.04,38564513699490.46,235679275.86,80.27,0.00
DTP-20260205,2026-02-05,2026,2,30974189194630.76,7613427899453.01,38587617094083.77,23103394593.31,80.27,0.00
DTP-20260206,2026-02-06,2026,2,30969650188685.63,7618897062812.09,38588547251497.72,930157413.95,80.26,0.00
DTP-20260209,2026-02-09,2026,2,30969105519646.32,7624100677371.81,38593206197018.13,4658945520.41,80.24,0.00
DTP-20260210,2026-02-10,2026,2,31010830716181.61,7634899048786.37,38645729764967.98,52523567949.84,80.24,0.00
DTP-20260211,2026-02-11,2026,2,31009198594125.31,7611574282513.19,38620772876638.50,-24956888329.48,80.29,0.00
DTP-20260212,2026-02-12,2026,2,31032365231612.70,7615390564444.69,38647755796057.39,26982919418.89,80.30,0.00
DTP-20260213,2026-02-13,2026,2,31031921227566.66,7615434247959.27,38647355475525.93,-400320531.46,80.30,0.00
DTP-20260217,2026-02-17,2026,2,31087884326300.86,7632443496050.01,38720327822350.87,72972346824.94,80.29,0.00
DTP-20260218,2026-02-18,2026,2,31088483280078.60,7629003931742.77,38717487211821.37,-2840610529.50,80.30,0.01
DTP-20260219,2026-02-19,2026,2,31112549990945.54,7631027509308.94,38743577500254.48,26090288433.11,80.30,0.00
DTP-20260220,2026-02-20,2026,2,31113584300966.47,7635435703252.83,38749020004219.30,5442503964.82,80.30,0.00
DTP-20260223,2026-02-23,2026,2,31113461801511.79,7644610240923.81,38758072042435.60,9052038216.30,80.28,0.00
DTP-20260224,2026-02-24,2026,2,31129399758399.04,7658381673727.18,38787781432126.22,29709389690.62,80.26,0.00
DTP-20260225,2026-02-25,2026,2,31126463055912.55,7638419147925.04,38764882203837.59,-22899228288.62,80.30,0.00
DTP-20260226,2026-02-26,2026,2,31149029033685.39,7640562889718.20,38789591923403.59,24709719566.00,80.30,0.00
DTP-20260227,2026-02-27,2026,2,31186965290815.89,7582840691457.92,38769805982273.81,-19785941129.78,80.44,0.00
DTP-20260302,2026-03-02,2026,2,31244382920777.66,7580080652674.60,38824463573452.26,54657591178.45,80.48,0.00
DTP-20260303,2026-03-03,2026,2,31268820109081.36,7584532290798.82,38853352399880.18,28888826427.92,80.48,0.00
DTP-20260304,2026-03-04,2026,2,31271271922985.85,7586399381578.00,38857671304563.85,4318904683.67,80.48,0.00
DTP-20260305,2026-03-05,2026,2,31281694069404.27,7591835542349.95,38873529611754.22,15858307190.37,80.47,0.00
DTP-20260306,2026-03-06,2026,2,31280012029379.25,7589806220089.13,38869818249468.38,-3711362285.84,80.47,0.00
DTP-20260309,2026-03-09,2026,2,31280623244306.89,7602178428093.75,38882801672400.64,12983422932.26,80.45,0.00
DTP-20260310,2026-03-10,2026,2,31298790579980.06,7620071477696.85,38918862057676.91,36060385276.27,80.42,0.00
DTP-20260311,2026-03-11,2026,2,31285946384224.81,7596476038172.07,38882422422396.88,-36439635280.02,80.46,-0.01
DTP-20260312,2026-03-12,2026,2,31300175076619.99,7600703964350.81,38900879040970.80,18456618573.91,80.46,0.00
DTP-20260313,2026-03-13,2026,2,31300165451609.92,7602472358962.55,38902637810572.47,1758769601.67,80.46,0.00
DTP-20260316,2026-03-16,2026,2,31381345411579.55,7610842435921.37,38992187847500.92,89550036928.45,80.48,0.00
DTP-20260317,2026-03-17,2026,2,31379706593178.71,7637056317066.43,39016762910245.14,24575062744.22,80.43,0.00
DTP-20260318,2026-03-18,2026,2,31364647874667.34,7612180102174.29,38976827976841.63,-39934933403.51,80.47,0.00
DTP-20260319,2026-03-19,2026,2,31385414419029.53,7616851450984.70,39002265870014.23,25437893172.59,80.47,0.01
DTP-20260320,2026-03-20,2026,2,31384605282290.22,7617466082294.75,39002071364584.97,-194505429.26,80.47,0.00
DTP-20260323,2026-03-23,2026,2,31385566969958.40,7621378816246.39,39006945786204.79,4874421619.82,80.46,0.00
DTP-20260324,2026-03-24,2026,2,31362014213440.21,7637841486984.28,38999855700424.49,-7090085780.30,80.42,0.00
DTP-20260325,2026-03-25,2026,2,31363230287736.49,7627368794125.21,38990599081861.70,-9256618562.79,80.44,-0.01
DTP-20260326,2026-03-26,2026,2,31361115540758.11,7629274126731.27,38990389667489.38,-209414372.32,80.43,-0.01
DTP-20260327,2026-03-27,2026,2,31388492802178.27,7627139225243.40,39015632027421.67,25242359932.29,80.45,0.00
DTP-20260330,2026-03-30,2026,2,31385929126772.90,7637099058712.35,39023028185485.25,7396158063.58,80.43,0.00
DTP-20260331,2026-03-31,2026,2,31431182280136.26,7634239113504.56,39065421393640.82,42393208155.57,80.46,0.00
DTP-20260401,2026-04-01,2026,3,31431328591198.51,7584862943761.03,39016191534959.54,-49229858681.28,80.56,0.00
DTP-20260402,2026-04-02,2026,3,31409363156320.44,7590901350316.56,39000264506637.00,-15927028322.54,80.54,0.00
DTP-20260403,2026-04-03,2026,3,31409491869379.24,7572263257161.53,38981755126540.77,-18509380096.23,80.57,-0.01
DTP-20260406,2026-04-06,2026,3,31413833699845.38,7580267016549.62,38994100716395.00,12345589854.23,80.56,0.00
DTP-20260407,2026-04-07,2026,3,31371921154820.79,7598020712683.24,38969941867504.03,-24158848890.97,80.50,0.00
DTP-20260408,2026-04-08,2026,3,31373299420088.83,7576626195153.34,38949925615242.17,-20016252261.86,80.55,0.00
DTP-20260409,2026-04-09,2026,3,31364679558344.11,7578111054742.44,38942790613086.55,-7135002155.62,80.54,0.00
DTP-20260410,2026-04-10,2026,3,31363210882603.11,7583331105209.17,38946541987812.28,3751374725.73,80.53,0.00
DTP-20260413,2026-04-13,2026,3,31364172953118.05,7590751812212.81,38954924765330.86,8382777518.58,80.51,0.00
DTP-20260414,2026-04-14,2026,3,31327076933755.06,7606327166708.23,38933404100463.29,-21520664867.57,80.46,0.00
DTP-20260415,2026-04-15,2026,3,31374528030445.60,7613943212491.72,38988471242937.32,55067142474.03,80.47,0.00
DTP-20260416,2026-04-16,2026,3,31359379088304.58,7626618005461.79,38985997093766.37,-2474149170.95,80.44,0.00
DTP-20260417,2026-04-17,2026,3,31344221423413.60,7635097205796.08,38979318629209.68,-6678464556.69,80.41,0.00
DTP-20260420,2026-04-20,2026,3,31343959370344.72,7648823233957.29,38992782604302.01,13463975092.33,80.38,0.00
DTP-20260421,2026-04-21,2026,3,31317297210883.89,7661963830606.93,38979261041490.82,-13521562811.19,80.34,0.00
DTP-20260422,2026-04-22,2026,3,31318022210274.80,7639817558099.64,38957839768374.44,-21421273116.38,80.39,0.00
DTP-20260423,2026-04-23,2026,3,31289249969317.98,7646236950966.77,38935486920284.75,-22352848089.69,80.36,0.00
DTP-20260424,2026-04-24,2026,3,31289224791422.95,7664445481346.63,38953670272769.58,18183352484.83,80.32,0.00
DTP-20260427,2026-04-27,2026,3,31289756388875.06,7671199169856.91,38960955558731.97,7285285962.39,80.31,0.00
DTP-20260428,2026-04-28,2026,3,31266604928934.45,7685186972207.35,38951791901141.80,-9163657590.17,80.27,0.00
DTP-20260429,2026-04-29,2026,3,31264482575337.52,7687592673364.13,38952075248701.65,283347559.85,80.26,0.00
DTP-20260430,2026-04-30,2026,3,31272489865435.88,7695343996107.23,38967833861543.11,15758612841.46,80.25,0.00
DTP-20260501,2026-05-01,2026,3,31271957838023.21,7610189777607.32,38882147615630.53,-85686245912.58,80.43,0.00
DTP-20260504,2026-05-04,2026,3,31274803442683.56,7630230682721.22,38905034125404.78,22886509774.25,80.39,0.00
DTP-20260505,2026-05-05,2026,3,31261787439569.55,7648832110708.55,38910619550278.10,5585424873.32,80.34,0.00
DTP-20260506,2026-05-06,2026,3,31263383766000.16,7655454160582.74,38918837926582.90,8218376304.80,80.33,0.00
DTP-20260507,2026-05-07,2026,3,31262325604447.63,7669326114354.46,38931651718802.09,12813792219.20,80.30,-0.01
DTP-20260508,2026-05-08,2026,3,31260345834577.53,7677129508008.27,38937475342585.80,5823623783.70,80.28,0.00
DTP-20260511,2026-05-11,2026,3,31262108319021.06,7684692242388.08,38946800561409.14,9325218823.34,80.27,0.00
DTP-20260512,2026-05-12,2026,3,31268302404373.30,7699992655432.05,38968295059805.35,21494498396.21,80.24,0.00
DTP-20260513,2026-05-13,2026,3,31269241615132.64,7673382066715.04,38942623681847.68,-25671377957.67,80.30,0.00
DTP-20260514,2026-05-14,2026,3,31277752122232.96,7676714548085.24,38954466670318.20,11842988470.52,80.29,0.00
DTP-20260515,2026-05-15,2026,3,31315583263208.62,7681661244846.47,38997244508055.09,42777837736.89,80.30,0.00
DTP-20260518,2026-05-18,2026,3,31317917051386.19,7691082849992.49,39008999901378.68,11755393323.59,80.28,0.00
DTP-20260519,2026-05-19,2026,3,31359065157830.45,7711687469163.68,39070752626994.13,61752725615.45,80.26,-0.01
DTP-20260520,2026-05-20,2026,3,31358949739922.20,7690690192740.67,39049639932662.87,-21112694331.27,80.31,0.00
DTP-20260521,2026-05-21,2026,3,31374788661132.13,7696411796234.32,39071200457366.45,21560524703.59,80.30,0.00
DTP-20260522,2026-05-22,2026,3,31400817772622.92,7711374492564.83,39112192265187.75,40991807821.30,80.28,0.00
DTP-20260526,2026-05-26,2026,3,31447423137771.69,7723731808895.90,39171154946667.59,58962681479.84,80.28,0.00
DTP-20260527,2026-05-27,2026,3,31450452898651.64,7712849964530.46,39163302863182.10,-7852083485.49,80.31,0.00
DTP-20260528,2026-05-28,2026,3,31466045143781.76,7710256651767.64,39176301795549.40,12998932367.30,80.32,0.00
DTP-20260529,2026-05-29,2026,3,31515369798622.98,7692389799679.64,39207759598302.62,31457802753.22,80.38,0.00
DTP-20260601,2026-06-01,2026,3,31581373375160.92,7614128912261.16,39195502287422.08,-12257310880.54,80.57,0.00
DTP-20260602,2026-06-02,2026,3,31597886394124.88,7624098192160.42,39221984586285.30,26482298863.22,80.56,0.00
DTP-20260603,2026-06-03,2026,3,31599703500408.55,7605271214840.10,39204974715248.65,-17009871036.65,80.60,0.00
DTP-20260604,2026-06-04,2026,3,31610718934247.54,7621431643036.33,39232150577283.87,27175862035.22,80.57,0.00
DTP-20260605,2026-06-05,2026,3,31597881328951.17,7621701058395.54,39219582387346.71,-12568189937.16,80.57,0.00
DTP-20260608,2026-06-08,2026,3,31600133143674.75,7630252571334.34,39230385715009.09,10803327662.38,80.55,0.00
DTP-20260609,2026-06-09,2026,3,31595464942057.47,7646257906741.19,39241722848798.66,11337133789.56,80.51,0.00
DTP-20260610,2026-06-10,2026,3,31592369611735.25,7620896668005.91,39213266279741.16,-28456569057.50,80.57,0.00
DTP-20260611,2026-06-11,2026,3,31594717601039.83,7626067516278.85,39220785117318.68,7518837577.52,80.56,0.00
DTP-20260612,2026-06-12,2026,3,31582353473994.95,7627630589582.81,39209984063577.76,-10801053740.92,80.55,0.00
DTP-20260615,2026-06-15,2026,3,31662560557978.68,7630513481375.96,39293074039354.64,83089975776.88,80.58,0.00
DTP-20260616,2026-06-16,2026,3,31642663562697.08,7647201604871.90,39289865167568.98,-3208871785.66,80.54,0.00
DTP-20260617,2026-06-17,2026,3,31643344541986.99,7639707724283.92,39283052266270.91,-6812901298.07,80.55,0.00
DTP-20260618,2026-06-18,2026,3,31613484231007.52,7691809713725.72,39305293944733.24,22241678462.34,80.43,0.00
DTP-20260622,2026-06-22,2026,3,31625610531064.27,7698121288874.40,39323731819938.67,18437875205.43,80.42,0.00
DTP-20260623,2026-06-23,2026,3,31606133955273.55,7714473920615.77,39320607875889.32,-3123944049.35,80.38,0.00
DTP-20260624,2026-06-24,2026,3,31606937181849.92,7713571561250.48,39320508743100.40,-99132788.92,80.38,0.01
DTP-20260625,2026-06-25,2026,3,31594497290975.03,7716525439187.41,39311022730162.44,-9486012937.96,80.37,0.00
DTP-20260626,2026-06-26,2026,3,31620872393262.40,7716631313714.13,39337503706976.53,26480976814.09,80.38,0.00
DTP-20260629,2026-06-29,2026,3,31621329805348.19,7724010982621.53,39345340787969.72,7837080993.19,80.37,0.00
DTP-20260630,2026-06-30,2026,3,31681308373695.03,7781090007079.34,39462398380774.37,117057592804.65,80.28,0.01
DTP-20260701,2026-07-01,2026,4,31677634703147.37,7711670085755.23,39389304788902.60,-73093591871.77,80.42,0.00
DTP-20260702,2026-07-02,2026,4,31678903447798.93,7696350572693.29,39375254020492.22,-14050768410.38,80.45,0.00
DTP-20260703,2026-07-03,2026,4,31676896645959.71,7699093306906.55,39375989952866.26,735932374.04,80.45,0.00
DTP-20260706,2026-07-06,2026,4,31680155395885.35,7707725826600.26,39387881222485.61,11891269619.35,80.43,0.00
DTP-20260707,2026-07-07,2026,4,31696800244689.86,7718177247048.92,39414977491738.78,27096269253.17,80.42,0.00
DTP-20260708,2026-07-08,2026,4,31695882336712.26,7699095308926.79,39394977645639.05,-19999846099.73,80.46,0.01
DTP-20260709,2026-07-09,2026,4,31709399350223.40,7704779665906.69,39414179016130.09,19201370491.05,80.45,-0.01
DTP-20260710,2026-07-10,2026,4,31707316963764.64,7705664378200.98,39412981341965.62,-1197674164.48,80.45,0.01
DTP-20260713,2026-07-13,2026,4,31707770448042.27,7710135021021.94,39417905469064.21,4924127098.59,80.44,0.00
DTP-20260714,2026-07-14,2026,4,31751114853068.90,7719037365530.11,39470152218599.01,52246749534.80,80.44,0.00
DTP-20260715,2026-07-15,2026,4,31793476990367.91,7695139477300.52,39488616467668.43,18464249069.42,80.51,0.00
DTP-20260716,2026-07-16,2026,4,31818450437358.76,7700409321560.36,39518859758919.12,30243291250.69,80.51,0.01
DTP-20260717,2026-07-17,2026,4,31816915417245.04,7764933024899.34,39581848442144.38,62988683225.27,80.38,-0.01
DTP-20260720,2026-07-20,2026,4,31817640840048.45,7770601778797.26,39588242618845.71,6394176701.33,80.37,0.00
DTP-20260721,2026-07-21,2026,4,31874795478548.56,7785574186584.91,39660369665133.47,72127046287.76,80.37,0.00
DTP-20260722,2026-07-22,2026,4,31874681300216.33,7761117757017.51,39635799057233.84,-24570607899.62,80.42,-0.01
DTP-20260723,2026-07-23,2026,4,31911919221141.67,7765019186808.10,39676938407949.77,41139350715.93,80.43,0.00
DTP-20260724,2026-07-24,2026,4,31922906015670.09,7769468851694.90,39692374867364.99,15436459415.22,80.43,0.00
DTP-20260727,2026-07-27,2026,4,31923702843165.38,7790261210281.73,39713964053447.11,21589186082.12,80.38,0.00
DTP-20260728,2026-07-28,2026,4,31995278756120.16,7801874143155.05,39797152899275.21,83188845828.10,80.40,0.00
DTP-20260729,2026-07-29,2026,4,31994676087491.92,7804942555279.20,39799618642771.12,2465743495.91,80.39,0.01
DTP-20260730,2026-07-30,2026,4,32035731397438.63,7805383163584.05,39841114561022.68,41495918251.56,80.41,0.00
DTP-20260731,2026-07-31,2026,4,32045863694464.30,7725753468002.67,39771617162466.97,-69497398555.71,80.57,0.00
DTP-20260803,2026-08-03,2026,4,32038115995948.67,7701107161182.06,39739223157130.73,-32394005336.24,80.62,0.01
DTP-20260804,2026-08-04,2026,4,32100703256953.12,7727732133938.43,39828435390891.55,89212233760.82,80.60,0.00
DTP-20260805,2026-08-05,2026,4,32101179235743.02,7728473472880.59,39829652708623.61,1217317732.06,80.60,0.00
DTP-20260806,2026-08-06,2026,4,32148910864804.21,7741352576823.62,39890263441627.83,60610733004.22,80.59,0.00
DTP-20260807,2026-08-07,2026,4,32144621002644.97,7740626769750.59,39885247772395.56,-5015669232.27,80.59,0.00
DTP-20260810,2026-08-10,2026,4,32143066242802.75,7748707751219.18,39891773994021.93,6526221626.37,80.58,0.00
DTP-20260811,2026-08-11,2026,4,32182460756111.37,7759469075959.40,39941929832070.77,50155838048.84,80.57,0.00
DTP-20260812,2026-08-12,2026,4,32180112234304.32,7733417085160.39,39913529319464.71,-28400512606.06,80.62,0.00
DTP-20260813,2026-08-13,2026,4,32200971487306.14,7733844720538.23,39934816207844.37,21286888379.66,80.63,0.01
DTP-20260814,2026-08-14,2026,4,32200393497585.51,7733240968527.27,39933634466112.78,-1181741731.59,80.63,0.00
DTP-20260817,2026-08-17,2026,4,32227199001687.30,7759458876384.62,39986657878071.92,53023411959.14,80.59,0.00
DTP-20260818,2026-08-18,2026,4,32265798542898.08,7781627225522.14,40047425768420.22,60767890348.30,80.57,0.00
DTP-20260819,2026-08-19,2026,4,32263508863255.09,7749191672424.35,40012700535679.44,-34725232740.78,80.63,0.00
DTP-20260820,2026-08-20,2026,4,32278964736853.40,7754292049910.97,40033256786764.37,20556251084.93,80.63,0.00
DTP-20260821,2026-08-21,2026,4,32276141923440.99,7756734582378.32,40032876505819.31,-380280945.05,80.62,0.00
DTP-20260824,2026-08-24,2026,4,32274806592449.50,7760578511196.64,40035385103646.14,2508597826.83,80.62,0.00
DTP-20260825,2026-08-25,2026,4,32307785364850.31,7791078790177.26,40098864155027.57,63479051381.43,80.57,0.00
DTP-20260826,2026-08-26,2026,4,32305769839476.37,7763981583744.35,40069751423220.72,-29112731806.85,80.62,0.00
DTP-20260827,2026-08-27,2026,4,32313802811901.63,7763727020041.31,40077529831942.94,7778408722.22,80.63,0.00
DTP-20260828,2026-08-28,2026,4,32340688588401.83,7763408894264.75,40104097482666.58,26567650723.64,80.64,0.00
